team,season,typical_batting_order,left_hand_top6_pct,aggressive_opener_pct,powerplay_sr,middle_sr,death_sr,vs_spin_economy,vs_pace_economy,vs_leftarm_economy,vs_legspin_economy,vs_offspin_economy,vs_leftarm_spin_economy,chase_win_pct,defend_win_pct,likely_bowling_order,powerplay_bowling_economy,death_bowling_economy,pace_overs_pct,spin_overs_pct,is_estimated
Islamabad United,0,"{""1"": ""Sahibzada Farhan"", ""2"": ""AD Hales"", ""3"": ""C Munro"", ""4"": ""Shadab Khan"", ""5"": ""Azam Khan"", ""6"": ""Asif Ali"", ""7"": ""Faheem Ashraf"", ""8"": ""Imad Wasim""}",0,43.8,132.5,128.7,157.5,7.63,8.41,7.89,7.72,7.84,7.48,65.1,34.9,"{""1"": ""Naseem Shah"", ""2"": ""Faheem Ashraf"", ""3"": ""Naseem Shah"", ""4"": ""Faheem Ashraf"", ""5"": ""Faheem Ashraf"", ""6"": ""Faheem Ashraf"", ""7"": ""Shadab Khan"", ""8"": ""Shadab Khan"", ""9"": ""Shadab Khan"", ""10"": ""Shadab Khan"", ""11"": ""Shadab Khan"", ""12"": ""Shadab Khan"", ""13"": ""Shadab Khan"", ""14"": ""Shadab Khan"", ""15"": ""Shadab Khan"", ""16"": ""Shadab Khan"", ""17"": ""Hasan Ali"", ""18"": ""Hasan Ali"", ""19"": ""Naseem Shah"", ""20"": ""Faheem Ashraf""}",7.7,9.82,18.8,23.4,FALSE
Islamabad United,2016,"{""1"": ""SR Watson"", ""2"": ""Sharjeel Khan"", ""3"": ""BJ Haddin"", ""4"": ""Khalid Latif"", ""5"": ""AD Russell"", ""6"": ""Misbah-ul-Haq"", ""7"": ""Azhar Mahmood"", ""8"": ""Imran Khalid""}",16.7,27.3,110.6,120,140.6,6.46,6.67,6.67,6.44,6.46,6.47,71.4,28.6,"{""1"": ""Mohammad Irfan"", ""2"": ""Imran Khalid"", ""3"": ""Mohammad Irfan"", ""4"": ""Rumman Raees"", ""5"": ""Mohammad Sami"", ""6"": ""Rumman Raees"", ""7"": ""S Badree"", ""8"": ""AD Russell"", ""9"": ""S Badree"", ""10"": ""Imran Khalid"", ""11"": ""S Badree"", ""12"": ""Imran Khalid"", ""13"": ""S Badree"", ""14"": ""SR Watson"", ""15"": ""AD Russell"", ""16"": ""Mohammad Irfan"", ""17"": ""Mohammad Sami"", ""18"": ""Mohammad Sami"", ""19"": ""AD Russell"", ""20"": ""Rumman Raees""}",6.21,9.06,0,0.5,FALSE
Islamabad United,2017,"{""1"": ""DR Smith"", ""2"": ""Rafatullah Mohmand"", ""3"": ""BJ Haddin"", ""4"": ""Misbah-ul-Haq"", ""5"": ""SR Watson"", ""6"": ""Asif Ali"", ""7"": ""Shadab Khan"", ""8"": ""Mohammad Sami""}",0,22.2,100,119.8,158.7,5.97,6.72,6.72,6.33,5.97,5.61,50,50,"{""1"": ""Mohammad Irfan"", ""2"": ""Mohammad Sami"", ""3"": ""Mohammad Irfan"", ""4"": ""Rumman Raees"", ""5"": ""Mohammad Irfan"", ""6"": ""Rumman Raees"", ""7"": ""Shadab Khan"", ""8"": ""Saeed Ajmal"", ""9"": ""Shadab Khan"", ""10"": ""SR Watson"", ""11"": ""Amad Butt"", ""12"": ""SR Watson"", ""13"": ""Rumman Raees"", ""14"": ""Mohammad Sami"", ""15"": ""Mohammad Irfan"", ""16"": ""SR Watson"", ""17"": ""Rumman Raees"", ""18"": ""Mohammad Sami"", ""19"": ""Rumman Raees"", ""20"": ""Mohammad Sami""}",7.47,8.32,0,19.1,FALSE
Islamabad United,2018,"{""1"": ""L Ronchi"", ""2"": ""Sahibzada Farhan"", ""3"": ""AD Hales"", ""4"": ""Asif Ali"", ""5"": ""Hussain Talat"", ""6"": ""Faheem Ashraf"", ""7"": ""Shadab Khan"", ""8"": ""AD Russell""}",16.7,50,134.7,117.7,151.8,6.69,9.34,8.94,6.75,7.75,6.21,66.7,33.3,"{""1"": ""SR Patel"", ""2"": ""Mohammad Sami"", ""3"": ""SR Patel"", ""4"": ""Mohammad Sami"", ""5"": ""SR Patel"", ""6"": ""Faheem Ashraf"", ""7"": ""Shadab Khan"", ""8"": ""Faheem Ashraf"", ""9"": ""Shadab Khan"", ""10"": ""Shadab Khan"", ""11"": ""Shadab Khan"", ""12"": ""Shadab Khan"", ""13"": ""AD Russell"", ""14"": ""Shadab Khan"", ""15"": ""Faheem Ashraf"", ""16"": ""Faheem Ashraf"", ""17"": ""AD Russell"", ""18"": ""Mohammad Sami"", ""19"": ""Mohammad Sami"", ""20"": ""Mohammad Sami""}",6.45,8.83,17.1,30.5,FALSE
Islamabad United,2019,"{""1"": ""L Ronchi"", ""2"": ""CS Delport"", ""3"": ""PD Salt"", ""4"": ""CAK Walton"", ""5"": ""Asif Ali"", ""6"": ""Shadab Khan"", ""7"": ""Faheem Ashraf"", ""8"": ""SR Patel""}",0,50,118.9,132.6,150.2,7.57,9.61,10.59,0,9,7.5,66.7,33.3,"{""1"": ""Mohammad Sami"", ""2"": ""Muhammad Musa"", ""3"": ""Rumman Raees"", ""4"": ""Muhammad Musa"", ""5"": ""SR Patel"", ""6"": ""Faheem Ashraf"", ""7"": ""Shadab Khan"", ""8"": ""Shadab Khan"", ""9"": ""Shadab Khan"", ""10"": ""Mohammad Sami"", ""11"": ""Shadab Khan"", ""12"": ""Shadab Khan"", ""13"": ""Shadab Khan"", ""14"": ""Shadab Khan"", ""15"": ""Rumman Raees"", ""16"": ""Mohammad Sami"", ""17"": ""Faheem Ashraf"", ""18"": ""Rumman Raees"", ""19"": ""Faheem Ashraf"", ""20"": ""Mohammad Sami""}",8.51,9.23,18.9,24.1,FALSE
Islamabad United,2020,"{""1"": ""L Ronchi"", ""2"": ""C Munro"", ""3"": ""DJ Malan"", ""4"": ""CA Ingram"", ""5"": ""Asif Ali"", ""6"": ""Rizwan Hussain"", ""7"": ""Faheem Ashraf"", ""8"": ""Amad Butt""}",0,33.3,141.3,144.3,153.5,7.38,7.98,6.83,9,4,8,50,50,"{""1"": ""Muhammad Musa"", ""2"": ""Akif Javed"", ""3"": ""Muhammad Musa"", ""4"": ""Akif Javed"", ""5"": ""Muhammad Musa"", ""6"": ""Akif Javed"", ""7"": ""Shadab Khan"", ""8"": ""Shadab Khan"", ""9"": ""Shadab Khan"", ""10"": ""Shadab Khan"", ""11"": ""Shadab Khan"", ""12"": ""Ahmed Safi Abdullah"", ""13"": ""Shadab Khan"", ""14"": ""Ahmed Safi Abdullah"", ""15"": ""Amad Butt"", ""16"": ""Akif Javed"", ""17"": ""Amad Butt"", ""18"": ""Muhammad Musa"", ""19"": ""Shadab Khan"", ""20"": ""Faheem Ashraf""}",8.73,10.78,23.6,30.5,FALSE
Islamabad United,2021,"{""1"": ""UT Khawaja"", ""2"": ""C Munro"", ""3"": ""Muhammad Akhlaq"", ""4"": ""Hussain Talat"", ""5"": ""Iftikhar Ahmed"", ""6"": ""Asif Ali"", ""7"": ""L Gregory"", ""8"": ""Faheem Ashraf""}",16.7,25,139.8,131.4,164.2,9.4,9.25,7.83,16,7,8.75,75,25,"{""1"": ""Hasan Ali"", ""2"": ""Faheem Ashraf"", ""3"": ""Hasan Ali"", ""4"": ""Mohammad Wasim"", ""5"": ""Hasan Ali"", ""6"": ""Faheem Ashraf"", ""7"": ""Shadab Khan"", ""8"": ""Shadab Khan"", ""9"": ""Shadab Khan"", ""10"": ""Shadab Khan"", ""11"": ""Shadab Khan"", ""12"": ""Shadab Khan"", ""13"": ""Shadab Khan"", ""14"": ""Shadab Khan"", ""15"": ""Faheem Ashraf"", ""16"": ""Mohammad Wasim"", ""17"": ""Hasan Ali"", ""18"": ""Mohammad Wasim"", ""19"": ""Hasan Ali"", ""20"": ""Hasan Ali""}",7.01,9.04,20.1,23.4,FALSE
Islamabad United,2022,"{""1"": ""PR Stirling"", ""2"": ""AD Hales"", ""3"": ""C Munro"", ""4"": ""Shadab Khan"", ""5"": ""Azam Khan"", ""6"": ""Asif Ali"", ""7"": ""Faheem Ashraf"", ""8"": ""Hasan Ali""}",0,83.3,156,129.6,145.3,7.11,7.8,7.03,5.25,9,7.11,40,60,"{""1"": ""Hasan Ali"", ""2"": ""Faheem Ashraf"", ""3"": ""Mohammad Wasim"", ""4"": ""Faheem Ashraf"", ""5"": ""Mohammad Wasim"", ""6"": ""Faheem Ashraf"", ""7"": ""Shadab Khan"", ""8"": ""Shadab Khan"", ""9"": ""Hasan Ali"", ""10"": ""Shadab Khan"", ""11"": ""Hasan Ali"", ""12"": ""Shadab Khan"", ""13"": ""Waqas Maqsood"", ""14"": ""Shadab Khan"", ""15"": ""Mohammad Wasim"", ""16"": ""Faheem Ashraf"", ""17"": ""Hasan Ali"", ""18"": ""Hasan Ali"", ""19"": ""Mohammad Wasim"", ""20"": ""Hasan Ali""}",8.06,11.93,15.6,13.5,FALSE
Islamabad United,2023,"{""1"": ""Rahmanullah Gurbaz"", ""2"": ""AD Hales"", ""3"": ""HE van der Dussen"", ""4"": ""Shadab Khan"", ""5"": ""Azam Khan"", ""6"": ""Asif Ali"", ""7"": ""Faheem Ashraf"", ""8"": ""TK Curran""}",0,36.4,147.6,124.4,192.8,8.12,7.93,8.24,9,8.48,7.53,83.3,16.7,"{""1"": ""Fazalhaq Farooqi"", ""2"": ""Hasan Ali"", ""3"": ""Fazalhaq Farooqi"", ""4"": ""Faheem Ashraf"", ""5"": ""Hasan Ali"", ""6"": ""Faheem Ashraf"", ""7"": ""Shadab Khan"", ""8"": ""Shadab Khan"", ""9"": ""Shadab Khan"", ""10"": ""Shadab Khan"", ""11"": ""Shadab Khan"", ""12"": ""Shadab Khan"", ""13"": ""Shadab Khan"", ""14"": ""Hasan Ali"", ""15"": ""Shadab Khan"", ""16"": ""Mohammad Wasim"", ""17"": ""TK Curran"", ""18"": ""Mohammad Wasim"", ""19"": ""TK Curran"", ""20"": ""Rumman Raees""}",9.27,9.92,16.5,23.7,FALSE
Islamabad United,2024,"{""1"": ""C Munro"", ""2"": ""AD Hales"", ""3"": ""Agha Salman"", ""4"": ""Shadab Khan"", ""5"": ""Azam Khan"", ""6"": ""Haider Ali"", ""7"": ""Faheem Ashraf"", ""8"": ""Imad Wasim""}",0,41.7,124.9,142.9,152.6,8.16,8.68,8.36,9.58,7.86,6.35,75,25,"{""1"": ""Naseem Shah"", ""2"": ""Imad Wasim"", ""3"": ""Naseem Shah"", ""4"": ""Faheem Ashraf"", ""5"": ""Imad Wasim"", ""6"": ""Faheem Ashraf"", ""7"": ""Shadab Khan"", ""8"": ""Shadab Khan"", ""9"": ""Shadab Khan"", ""10"": ""Imad Wasim"", ""11"": ""Shadab Khan"", ""12"": ""Shadab Khan"", ""13"": ""Shadab Khan"", ""14"": ""Faheem Ashraf"", ""15"": ""Shadab Khan"", ""16"": ""Shadab Khan"", ""17"": ""Naseem Shah"", ""18"": ""Naseem Shah"", ""19"": ""Rumman Raees"", ""20"": ""Naseem Shah""}",7.25,10.17,41.9,34.5,FALSE
Islamabad United,2025,"{""1"": ""Sahibzada Farhan"", ""2"": ""AGS Gous"", ""3"": ""C Munro"", ""4"": ""Agha Salman"", ""5"": ""Shadab Khan"", ""6"": ""Azam Khan"", ""7"": ""BJ Dwarshuis"", ""8"": ""Haider Ali""}",0,58.3,144.6,125.2,176.6,8.42,8.33,6.86,7,8.24,11.48,50,50,"{""1"": ""Naseem Shah"", ""2"": ""BJ Dwarshuis"", ""3"": ""Naseem Shah"", ""4"": ""JO Holder"", ""5"": ""Naseem Shah"", ""6"": ""JO Holder"", ""7"": ""Imad Wasim"", ""8"": ""Imad Wasim"", ""9"": ""Imad Wasim"", ""10"": ""Shadab Khan"", ""11"": ""Imad Wasim"", ""12"": ""Shadab Khan"", ""13"": ""Imad Wasim"", ""14"": ""Shadab Khan"", ""15"": ""Imad Wasim"", ""16"": ""Shadab Khan"", ""17"": ""JO Holder"", ""18"": ""Naseem Shah"", ""19"": ""Naseem Shah"", ""20"": ""JO Holder""}",8.28,10.46,27.6,32.8,FALSE
Karachi Kings,0,"{""1"": ""Sharjeel Khan"", ""2"": ""Babar Azam"", ""3"": ""JM Vince"", ""4"": ""Shoaib Malik"", ""5"": ""Irfan Khan"", ""6"": ""Imad Wasim"", ""7"": ""Mohammad Nabi"", ""8"": ""Abbas Afridi""}",33.3,35,122.7,120.7,153.3,7.31,8.43,8.62,7.01,7.29,7.73,54.8,45.2,"{""1"": ""Imad Wasim"", ""2"": ""Mohammad Amir"", ""3"": ""Mir Hamza"", ""4"": ""Mohammad Amir"", ""5"": ""Imad Wasim"", ""6"": ""Abbas Afridi"", ""7"": ""Imad Wasim"", ""8"": ""Imad Wasim"", ""9"": ""Imad Wasim"", ""10"": ""Imad Wasim"", ""11"": ""Imad Wasim"", ""12"": ""Mohammad Nabi"", ""13"": ""Imad Wasim"", ""14"": ""Mohammad Nabi"", ""15"": ""Hasan Ali"", ""16"": ""Hasan Ali"", ""17"": ""Mohammad Amir"", ""18"": ""Mohammad Amir"", ""19"": ""Mohammad Amir"", ""20"": ""Hasan Ali""}",7.66,9.83,17.5,19.1,FALSE
Karachi Kings,2016,"{""1"": ""LMP Simmons"", ""2"": ""Nauman Anwar"", ""3"": ""JM Vince"", ""4"": ""Shakib Al Hasan"", ""5"": ""RS Bopara"", ""6"": ""Iftikhar Ahmed"", ""7"": ""Imad Wasim"", ""8"": ""Sohail Khan""}",0,25,104.8,102.5,135.2,5.75,0,5.75,0,5.75,5.75,50,50,"{""1"": ""Mohammad Amir"", ""2"": ""Sohail Khan"", ""3"": ""Mohammad Amir"", ""4"": ""Sohail Khan"", ""5"": ""Imad Wasim"", ""6"": ""Sohail Tanvir"", ""7"": ""Shakib Al Hasan"", ""8"": ""Sohail Tanvir"", ""9"": ""Shakib Al Hasan"", ""10"": ""Shoaib Malik"", ""11"": ""Usama Mir"", ""12"": ""RS Bopara"", ""13"": ""Usama Mir"", ""14"": ""RS Bopara"", ""15"": ""Shakib Al Hasan"", ""16"": ""RS Bopara"", ""17"": ""Mohammad Amir"", ""18"": ""RS Bopara"", ""19"": ""Sohail Tanvir"", ""20"": ""Sohail Tanvir""}",6.44,8.74,18.2,23.9,FALSE
Karachi Kings,2017,"{""1"": ""Babar Azam"", ""2"": ""CH Gayle"", ""3"": ""KC Sangakkara"", ""4"": ""Shoaib Malik"", ""5"": ""RS Bopara"", ""6"": ""KA Pollard"", ""7"": ""Imad Wasim"", ""8"": ""Sohail Khan""}",0,20,113.5,112.6,151.9,6.32,11.5,11.5,5.46,3.67,12.67,50,50,"{""1"": ""Mohammad Amir"", ""2"": ""Imad Wasim"", ""3"": ""Mohammad Amir"", ""4"": ""Sohail Khan"", ""5"": ""Usman Shinwari"", ""6"": ""Sohail Khan"", ""7"": ""Imad Wasim"", ""8"": ""Usama Mir"", ""9"": ""Imad Wasim"", ""10"": ""RS Bopara"", ""11"": ""Usama Mir"", ""12"": ""Usman Shinwari"", ""13"": ""Sohail Khan"", ""14"": ""RS Bopara"", ""15"": ""Mohammad Amir"", ""16"": ""Mohammad Amir"", ""17"": ""Sohail Khan"", ""18"": ""Mohammad Amir"", ""19"": ""Usman Shinwari"", ""20"": ""Mohammad Amir""}",7,9.39,20.2,34.8,FALSE
Karachi Kings,2018,"{""1"": ""Khurram Manzoor"", ""2"": ""JL Denly"", ""3"": ""Babar Azam"", ""4"": ""CA Ingram"", ""5"": ""RS Bopara"", ""6"": ""Shahid Afridi"", ""7"": ""Imad Wasim"", ""8"": ""D Wiese""}",0,9.1,103.7,118.7,150,6.56,8.93,8.91,5.63,10.75,6.64,33.3,66.7,"{""1"": ""Imad Wasim"", ""2"": ""Mohammad Amir"", ""3"": ""Usman Shinwari"", ""4"": ""Mohammad Amir"", ""5"": ""Usman Shinwari"", ""6"": ""Mohammad Irfan"", ""7"": ""Shahid Afridi"", ""8"": ""Shahid Afridi"", ""9"": ""Shahid Afridi"", ""10"": ""Shahid Afridi"", ""11"": ""Shahid Afridi"", ""12"": ""Shahid Afridi"", ""13"": ""Shahid Afridi"", ""14"": ""Shahid Afridi"", ""15"": ""Mohammad Irfan"", ""16"": ""TS Mills"", ""17"": ""TS Mills"", ""18"": ""Mohammad Amir"", ""19"": ""TS Mills"", ""20"": ""Mohammad Irfan""}",8.27,8.24,17.5,14.7,FALSE
Karachi Kings,2019,"{""1"": ""Babar Azam"", ""2"": ""C Munro"", ""3"": ""LS Livingstone"", ""4"": ""CA Ingram"", ""5"": ""BR Dunk"", ""6"": ""Iftikhar Ahmed"", ""7"": ""Imad Wasim"", ""8"": ""Aamer Yamin""}",0,45.5,120.6,122.9,133.6,7.92,7.89,5.25,5.83,8.4,10.75,60,40,"{""1"": ""Imad Wasim"", ""2"": ""Mohammad Amir"", ""3"": ""Aamer Yamin"", ""4"": ""Mohammad Amir"", ""5"": ""Imad Wasim"", ""6"": ""Usman Shinwari"", ""7"": ""Umer Khan"", ""8"": ""Imad Wasim"", ""9"": ""Umer Khan"", ""10"": ""Imad Wasim"", ""11"": ""Umer Khan"", ""12"": ""Umer Khan"", ""13"": ""Usman Shinwari"", ""14"": ""Aamer Yamin"", ""15"": ""Usman Shinwari"", ""16"": ""Usman Shinwari"", ""17"": ""Mohammad Amir"", ""18"": ""Sohail Khan"", ""19"": ""Mohammad Amir"", ""20"": ""Aamer Yamin""}",7.8,9.19,16,24.3,FALSE
Karachi Kings,2020,"{""1"": ""Sharjeel Khan"", ""2"": ""Babar Azam"", ""3"": ""AD Hales"", ""4"": ""CS Delport"", ""5"": ""CAK Walton"", ""6"": ""Iftikhar Ahmed"", ""7"": ""Imad Wasim"", ""8"": ""CJ Jordan""}",16.7,36.4,133.5,119.5,154.2,6.5,8.57,9.21,6.25,6.5,6.75,83.3,16.7,"{""1"": ""Mohammad Amir"", ""2"": ""Mohammad Amir"", ""3"": ""Mohammad Amir"", ""4"": ""Mohammad Amir"", ""5"": ""CJ Jordan"", ""6"": ""CJ Jordan"", ""7"": ""Imad Wasim"", ""8"": ""Imad Wasim"", ""9"": ""Arshad Iqbal"", ""10"": ""Iftikhar Ahmed"", ""11"": ""Arshad Iqbal"", ""12"": ""Imad Wasim"", ""13"": ""Arshad Iqbal"", ""14"": ""Umaid Asif"", ""15"": ""Mohammad Amir"", ""16"": ""Imad Wasim"", ""17"": ""Mohammad Amir"", ""18"": ""Mohammad Amir"", ""19"": ""Mohammad Amir"", ""20"": ""CJ Jordan""}",7,9.81,18.9,22.7,FALSE
Karachi Kings,2021,"{""1"": ""Sharjeel Khan"", ""2"": ""Babar Azam"", ""3"": ""MJ Guptill"", ""4"": ""CA Ingram"", ""5"": ""Mohammad Nabi"", ""6"": ""Imad Wasim"", ""7"": ""Danish Aziz"", ""8"": ""Mohammad Ilyas""}",33.3,27.3,114.6,137.6,178.8,9.73,7.59,7.75,9,10.14,10.35,60,40,"{""1"": ""Imad Wasim"", ""2"": ""Mohammad Amir"", ""3"": ""Mohammad Amir"", ""4"": ""Mohammad Amir"", ""5"": ""Mohammad Amir"", ""6"": ""Waqas Maqsood"", ""7"": ""Imad Wasim"", ""8"": ""Arshad Iqbal"", ""9"": ""Imad Wasim"", ""10"": ""DT Christian"", ""11"": ""DT Christian"", ""12"": ""Noor Ahmad"", ""13"": ""Arshad Iqbal"", ""14"": ""Noor Ahmad"", ""15"": ""Arshad Iqbal"", ""16"": ""Arshad Iqbal"", ""17"": ""Mohammad Amir"", ""18"": ""Mohammad Amir"", ""19"": ""Mohammad Amir"", ""20"": ""Mohammad Ilyas""}",8.74,10.33,20.1,15,FALSE
Karachi Kings,2022,"{""1"": ""Sharjeel Khan"", ""2"": ""Babar Azam"", ""3"": ""JM Clarke"", ""4"": ""Qasim Akram"", ""5"": ""Rohail Nazir"", ""6"": ""L Gregory"", ""7"": ""Imad Wasim"", ""8"": ""CJ Jordan""}",16.7,40,113.6,119.6,134.1,7.04,7.43,7.26,7,7.25,7,0,100,"{""1"": ""Imad Wasim"", ""2"": ""Aamer Yamin"", ""3"": ""Imad Wasim"", ""4"": ""Mir Hamza"", ""5"": ""Umaid Asif"", ""6"": ""Umaid Asif"", ""7"": ""Mohammad Nabi"", ""8"": ""Imad Wasim"", ""9"": ""Imad Wasim"", ""10"": ""Imad Wasim"", ""11"": ""Imad Wasim"", ""12"": ""Mohammad Nabi"", ""13"": ""Mohammad Nabi"", ""14"": ""L Gregory"", ""15"": ""Mohammad Nabi"", ""16"": ""L Gregory"", ""17"": ""CJ Jordan"", ""18"": ""Umaid Asif"", ""19"": ""CJ Jordan"", ""20"": ""Umaid Asif""}",7.51,10.64,8.3,18.1,FALSE
Karachi Kings,2023,"{""1"": ""MS Wade"", ""2"": ""JM Vince"", ""3"": ""Haider Ali"", ""4"": ""Shoaib Malik"", ""5"": ""Imad Wasim"", ""6"": ""BCJ Cutting"", ""7"": ""Irfan Khan"", ""8"": ""Aamer Yamin""}",16.7,70,146.6,122,169.1,7.42,8.45,9,8.06,6.23,7.07,0,100,"{""1"": ""Imad Wasim"", ""2"": ""Aamer Yamin"", ""3"": ""Imad Wasim"", ""4"": ""Aamer Yamin"", ""5"": ""Akif Javed"", ""6"": ""Mohammad Amir"", ""7"": ""Imad Wasim"", ""8"": ""Imran Tahir"", ""9"": ""Shoaib Malik"", ""10"": ""Imran Tahir"", ""11"": ""Imran Tahir"", ""12"": ""T Shamsi"", ""13"": ""Imad Wasim"", ""14"": ""Imad Wasim"", ""15"": ""Imran Tahir"", ""16"": ""Imran Tahir"", ""17"": ""AJ Tye"", ""18"": ""Mohammad Amir"", ""19"": ""Mohammad Amir"", ""20"": ""Aamer Yamin""}",7.33,11.8,22.8,16.8,FALSE
Karachi Kings,2024,"{""1"": ""Shan Masood"", ""2"": ""TL Seifert"", ""3"": ""JM Vince"", ""4"": ""Shoaib Malik"", ""5"": ""Mohammad Nawaz"", ""6"": ""KA Pollard"", ""7"": ""Irfan Khan"", ""8"": ""Hasan Ali""}",33.3,20,125.4,118.6,145.5,6.02,8.12,8.72,6.62,5.8,5.27,100,0,"{""1"": ""Mir Hamza"", ""2"": ""B Muzarabani"", ""3"": ""Mir Hamza"", ""4"": ""B Muzarabani"", ""5"": ""Hasan Ali"", ""6"": ""Hasan Ali"", ""7"": ""Zahid Mahmood"", ""8"": ""Mohammad Nawaz"", ""9"": ""Zahid Mahmood"", ""10"": ""T Shamsi"", ""11"": ""Hasan Ali"", ""12"": ""Shoaib Malik"", ""13"": ""Mohammad Nawaz"", ""14"": ""T Shamsi"", ""15"": ""Zahid Mahmood"", ""16"": ""Hasan Ali"", ""17"": ""DR Sams"", ""18"": ""Mir Hamza"", ""19"": ""Hasan Ali"", ""20"": ""Hasan Ali""}",7.78,9.5,15.8,10.2,FALSE
Karachi Kings,2025,"{""1"": ""TL Seifert"", ""2"": ""DA Warner"", ""3"": ""JM Vince"", ""4"": ""Saad Baig"", ""5"": ""Irfan Khan"", ""6"": ""Khushdil Shah"", ""7"": ""Mohammad Nabi"", ""8"": ""Abbas Afridi""}",33.3,54.5,146.2,126.4,174.2,8.05,9.9,9.13,7.93,7.76,8.45,50,50,"{""1"": ""Mir Hamza"", ""2"": ""Hasan Ali"", ""3"": ""Mir Hamza"", ""4"": ""Hasan Ali"", ""5"": ""Mir Hamza"", ""6"": ""Abbas Afridi"", ""7"": ""Khushdil Shah"", ""8"": ""Mohammad Nabi"", ""9"": ""Khushdil Shah"", ""10"": ""Mohammad Nabi"", ""11"": ""Abbas Afridi"", ""12"": ""Mohammad Nabi"", ""13"": ""Fawad Ali"", ""14"": ""Mohammad Nabi"", ""15"": ""Hasan Ali"", ""16"": ""Hasan Ali"", ""17"": ""Khushdil Shah"", ""18"": ""Abbas Afridi"", ""19"": ""Abbas Afridi"", ""20"": ""Hasan Ali""}",8.39,10.37,17.3,13,FALSE
Lahore Qalandars,0,"{""1"": ""Fakhar Zaman"", ""2"": ""Muhammad Naeem"", ""3"": ""Abdullah Shafique"", ""4"": ""Mohammad Hafeez"", ""5"": ""SW Billings"", ""6"": ""Sikandar Raza"", ""7"": ""D Wiese"", ""8"": ""Shaheen Shah Afridi""}",16.7,42.1,123.9,126.4,164.7,7.51,8.72,8,7.35,8.52,7.43,41.7,58.3,"{""1"": ""Shaheen Shah Afridi"", ""2"": ""Zaman Khan"", ""3"": ""Shaheen Shah Afridi"", ""4"": ""Zaman Khan"", ""5"": ""Haris Rauf"", ""6"": ""Haris Rauf"", ""7"": ""Rashid Khan"", ""8"": ""D Wiese"", ""9"": ""Rashid Khan"", ""10"": ""D Wiese"", ""11"": ""Haris Rauf"", ""12"": ""D Wiese"", ""13"": ""Haris Rauf"", ""14"": ""D Wiese"", ""15"": ""Shaheen Shah Afridi"", ""16"": ""Haris Rauf"", ""17"": ""Shaheen Shah Afridi"", ""18"": ""Shaheen Shah Afridi"", ""19"": ""Shaheen Shah Afridi"", ""20"": ""Haris Rauf""}",7.81,9.57,40,6.7,FALSE
Lahore Qalandars,2016,"{""1"": ""Azhar Ali"", ""2"": ""CS Delport"", ""3"": ""Umar Akmal"", ""4"": ""DJ Bravo"", ""5"": ""Mohammad Rizwan"", ""6"": ""Hammad Azam"", ""7"": ""KK Cooper"", ""8"": ""Zohaib Khan""}",0,37.5,101.7,122.6,162.2,7.43,8.8,8.8,7.5,6,7.56,0,100,"{""1"": ""Ehsan Adil"", ""2"": ""Zafar Gohar"", ""3"": ""Ehsan Adil"", ""4"": ""KK Cooper"", ""5"": ""DJ Bravo"", ""6"": ""DJ Bravo"", ""7"": ""Zohaib Khan"", ""8"": ""BAW Mendis"", ""9"": ""Zohaib Khan"", ""10"": ""Azhar Ali"", ""11"": ""Zohaib Khan"", ""12"": ""KK Cooper"", ""13"": ""Zohaib Khan"", ""14"": ""CS Delport"", ""15"": ""Zafar Gohar"", ""16"": ""Ehsan Adil"", ""17"": ""Zafar Gohar"", ""18"": ""DJ Bravo"", ""19"": ""DJ Bravo"", ""20"": ""Ehsan Adil""}",8.47,9.32,0,1.4,FALSE
Lahore Qalandars,2017,"{""1"": ""JJ Roy"", ""2"": ""BB McCullum"", ""3"": ""Fakhar Zaman"", ""4"": ""Umar Akmal"", ""5"": ""Mohammad Rizwan"", ""6"": ""GD Elliott"", ""7"": ""SP Narine"", ""8"": ""Sohail Tanvir""}",16.7,62.5,133.2,112.6,153.2,8.36,7.62,7.62,7.74,15,8.91,66.7,33.3,"{""1"": ""Sohail Tanvir"", ""2"": ""Aamer Yamin"", ""3"": ""Sohail Tanvir"", ""4"": ""SP Narine"", ""5"": ""SP Narine"", ""6"": ""Mohammad Irfan"", ""7"": ""Yasir Shah"", ""8"": ""SP Narine"", ""9"": ""Bilawal Bhatti"", ""10"": ""GD Elliott"", ""11"": ""Yasir Shah"", ""12"": ""GD Elliott"", ""13"": ""Yasir Shah"", ""14"": ""Yasir Shah"", ""15"": ""Yasir Shah"", ""16"": ""Sohail Tanvir"", ""17"": ""SP Narine"", ""18"": ""Sohail Tanvir"", ""19"": ""Sohail Tanvir"", ""20"": ""Sohail Tanvir""}",6.43,10.62,0,1.3,FALSE
Lahore Qalandars,2018,"{""1"": ""Fakhar Zaman"", ""2"": ""AP Devcich"", ""3"": ""Agha Salman"", ""4"": ""Umar Akmal"", ""5"": ""BB McCullum"", ""6"": ""Sohail Akhtar"", ""7"": ""Sohail Khan"", ""8"": ""Aamer Yamin""}",16.7,70,135.5,105.9,107.2,5.5,7.27,7.89,5.85,5.5,5.2,50,50,"{""1"": ""Raza Hasan"", ""2"": ""Sohail Khan"", ""3"": ""Sohail Khan"", ""4"": ""Yasir Shah"", ""5"": ""SP Narine"", ""6"": ""SP Narine"", ""7"": ""SP Narine"", ""8"": ""Yasir Shah"", ""9"": ""SP Narine"", ""10"": ""Yasir Shah"", ""11"": ""Yasir Shah"", ""12"": ""Yasir Shah"", ""13"": ""Yasir Shah"", ""14"": ""SP Narine"", ""15"": ""SP Narine"", ""16"": ""Mustafizur Rahman"", ""17"": ""Sohail Khan"", ""18"": ""Shaheen Shah Afridi"", ""19"": ""Sohail Khan"", ""20"": ""Shaheen Shah Afridi""}",7.63,9.06,24.8,2.7,FALSE
Lahore Qalandars,2019,"{""1"": ""Fakhar Zaman"", ""2"": ""Sohail Akhtar"", ""3"": ""Haris Sohail"", ""4"": ""AB de Villiers"", ""5"": ""BRM Taylor"", ""6"": ""D Wiese"", ""7"": ""GC Viljoen"", ""8"": ""Yasir Shah""}",16.7,40,118.2,111.3,130.3,7.57,6,7,8.75,3.5,8,66.7,33.3,"{""1"": ""Shaheen Shah Afridi"", ""2"": ""Rahat Ali"", ""3"": ""Shaheen Shah Afridi"", ""4"": ""Shaheen Shah Afridi"", ""5"": ""Yasir Shah"", ""6"": ""Rahat Ali"", ""7"": ""Mohammad Hafeez"", ""8"": ""D Wiese"", ""9"": ""S Lamichhane"", ""10"": ""S Lamichhane"", ""11"": ""Haris Rauf"", ""12"": ""Haris Rauf"", ""13"": ""Yasir Shah"", ""14"": ""Rahat Ali"", ""15"": ""Rahat Ali"", ""16"": ""Yasir Shah"", ""17"": ""Shaheen Shah Afridi"", ""18"": ""Haris Rauf"", ""19"": ""Shaheen Shah Afridi"", ""20"": ""Haris Rauf""}",7.5,8.83,35.6,3.3,FALSE
Lahore Qalandars,2020,"{""1"": ""Fakhar Zaman"", ""2"": ""CA Lynn"", ""3"": ""Mohammad Hafeez"", ""4"": ""BR Dunk"", ""5"": ""SR Patel"", ""6"": ""Sohail Akhtar"", ""7"": ""D Wiese"", ""8"": ""Muhammad Faizan""}",16.7,53.8,126.6,132.2,172.1,7.62,9.48,8.17,5.18,9.5,8.44,71.4,28.6,"{""1"": ""Shaheen Shah Afridi"", ""2"": ""SR Patel"", ""3"": ""Shaheen Shah Afridi"", ""4"": ""SR Patel"", ""5"": ""Dilbar Hussain"", ""6"": ""SR Patel"", ""7"": ""Dilbar Hussain"", ""8"": ""Mohammad Hafeez"", ""9"": ""Maaz Khan"", ""10"": ""D Wiese"", ""11"": ""D Wiese"", ""12"": ""Dilbar Hussain"", ""13"": ""D Wiese"", ""14"": ""Haris Rauf"", ""15"": ""Shaheen Shah Afridi"", ""16"": ""D Wiese"", ""17"": ""Shaheen Shah Afridi"", ""18"": ""Dilbar Hussain"", ""19"": ""Shaheen Shah Afridi"", ""20"": ""Salman Irshad""}",7.83,10.18,36.9,0,FALSE
Lahore Qalandars,2021,"{""1"": ""Fakhar Zaman"", ""2"": ""Sohail Akhtar"", ""3"": ""Mohammad Hafeez"", ""4"": ""Agha Salman"", ""5"": ""BR Dunk"", ""6"": ""TH David"", ""7"": ""Rashid Khan"", ""8"": ""JP Faulkner""}",16.7,30,102.8,124.4,181.5,6.94,8.01,8.12,5.67,10.67,6.45,80,20,"{""1"": ""Shaheen Shah Afridi"", ""2"": ""JP Faulkner"", ""3"": ""Shaheen Shah Afridi"", ""4"": ""JP Faulkner"", ""5"": ""Ahmed Daniyal"", ""6"": ""JP Faulkner"", ""7"": ""Haris Rauf"", ""8"": ""JP Faulkner"", ""9"": ""Rashid Khan"", ""10"": ""D Wiese"", ""11"": ""Rashid Khan"", ""12"": ""Ahmed Daniyal"", ""13"": ""Rashid Khan"", ""14"": ""Ahmed Daniyal"", ""15"": ""Ahmed Daniyal"", ""16"": ""Rashid Khan"", ""17"": ""Shaheen Shah Afridi"", ""18"": ""Shaheen Shah Afridi"", ""19"": ""Shaheen Shah Afridi"", ""20"": ""Haris Rauf""}",6.53,8.91,56.4,0,FALSE
Lahore Qalandars,2022,"{""1"": ""Fakhar Zaman"", ""2"": ""Abdullah Shafique"", ""3"": ""Kamran Ghulam"", ""4"": ""Mohammad Hafeez"", ""5"": ""PD Salt"", ""6"": ""HC Brook"", ""7"": ""D Wiese"", ""8"": ""Rashid Khan""}",16.7,30.8,130.3,122.9,185.6,6.91,8.53,6.75,6.11,8.4,7.18,25,75,"{""1"": ""Shaheen Shah Afridi"", ""2"": ""Zaman Khan"", ""3"": ""Shaheen Shah Afridi"", ""4"": ""Zaman Khan"", ""5"": ""Rashid Khan"", ""6"": ""Haris Rauf"", ""7"": ""Rashid Khan"", ""8"": ""D Wiese"", ""9"": ""Rashid Khan"", ""10"": ""D Wiese"", ""11"": ""Rashid Khan"", ""12"": ""Haris Rauf"", ""13"": ""Zaman Khan"", ""14"": ""Zaman Khan"", ""15"": ""Zaman Khan"", ""16"": ""Haris Rauf"", ""17"": ""Shaheen Shah Afridi"", ""18"": ""Haris Rauf"", ""19"": ""Shaheen Shah Afridi"", ""20"": ""Haris Rauf""}",8.21,8.18,58.6,3.1,FALSE
Lahore Qalandars,2023,"{""1"": ""Mirza Baig"", ""2"": ""Fakhar Zaman"", ""3"": ""Abdullah Shafique"", ""4"": ""SW Billings"", ""5"": ""Hussain Talat"", ""6"": ""Sikandar Raza"", ""7"": ""D Wiese"", ""8"": ""Rashid Khan""}",33.3,23.1,113.8,138.5,176.2,8.29,8.84,5,9.22,5,7.24,11.1,88.9,"{""1"": ""Shaheen Shah Afridi"", ""2"": ""Zaman Khan"", ""3"": ""Shaheen Shah Afridi"", ""4"": ""Zaman Khan"", ""5"": ""Haris Rauf"", ""6"": ""Zaman Khan"", ""7"": ""Rashid Khan"", ""8"": ""D Wiese"", ""9"": ""Rashid Khan"", ""10"": ""D Wiese"", ""11"": ""Rashid Khan"", ""12"": ""D Wiese"", ""13"": ""Rashid Khan"", ""14"": ""D Wiese"", ""15"": ""D Wiese"", ""16"": ""Shaheen Shah Afridi"", ""17"": ""Haris Rauf"", ""18"": ""Shaheen Shah Afridi"", ""19"": ""Haris Rauf"", ""20"": ""Zaman Khan""}",8.8,9.54,53.4,9.7,FALSE
Lahore Qalandars,2024,"{""1"": ""Sahibzada Farhan"", ""2"": ""Fakhar Zaman"", ""3"": ""HE van der Dussen"", ""4"": ""SD Hope"", ""5"": ""Jahandad Khan"", ""6"": ""Sikandar Raza"", ""7"": ""CR Brathwaite"", ""8"": ""D Wiese""}",16.7,33.3,121.3,135.9,181.5,7.54,8.77,7.67,7.78,7.25,7.21,0,100,"{""1"": ""Shaheen Shah Afridi"", ""2"": ""Zaman Khan"", ""3"": ""Shaheen Shah Afridi"", ""4"": ""Zaman Khan"", ""5"": ""Jahandad Khan"", ""6"": ""Zaman Khan"", ""7"": ""Jahandad Khan"", ""8"": ""Sikandar Raza"", ""9"": ""Sikandar Raza"", ""10"": ""Sikandar Raza"", ""11"": ""Haris Rauf"", ""12"": ""Sikandar Raza"", ""13"": ""Jahandad Khan"", ""14"": ""D Wiese"", ""15"": ""Jahandad Khan"", ""16"": ""Shaheen Shah Afridi"", ""17"": ""Zaman Khan"", ""18"": ""Shaheen Shah Afridi"", ""19"": ""Zaman Khan"", ""20"": ""Zaman Khan""}",7.76,11.43,60,10.2,FALSE
Lahore Qalandars,2025,"{""1"": ""Fakhar Zaman"", ""2"": ""Muhammad Naeem"", ""3"": ""Abdullah Shafique"", ""4"": ""DJ Mitchell"", ""5"": ""SW Billings"", ""6"": ""Sikandar Raza"", ""7"": ""Asif Ali"", ""8"": ""Shaheen Shah Afridi""}",16.7,46.2,145.5,146,178.7,8.15,10.07,9.34,7.72,9.33,7.95,37.5,62.5,"{""1"": ""Shaheen Shah Afridi"", ""2"": ""Asif Afridi"", ""3"": ""Shaheen Shah Afridi"", ""4"": ""Asif Afridi"", ""5"": ""Haris Rauf"", ""6"": ""Haris Rauf"", ""7"": ""Haris Rauf"", ""8"": ""Rishad Hossain"", ""9"": ""Haris Rauf"", ""10"": ""Rishad Hossain"", ""11"": ""Haris Rauf"", ""12"": ""Rishad Hossain"", ""13"": ""Haris Rauf"", ""14"": ""Sikandar Raza"", ""15"": ""Rishad Hossain"", ""16"": ""Haris Rauf"", ""17"": ""Haris Rauf"", ""18"": ""Shaheen Shah Afridi"", ""19"": ""Haris Rauf"", ""20"": ""Sikandar Raza""}",8.29,10.41,46.5,33,FALSE
Multan Sultans,0,"{""1"": ""Shan Masood"", ""2"": ""Mohammad Rizwan"", ""3"": ""Usman Khan"", ""4"": ""RR Rossouw"", ""5"": ""TH David"", ""6"": ""Khushdil Shah"", ""7"": ""Shahid Afridi"", ""8"": ""DJ Willey""}",33.3,42,128.8,126.8,167.3,8.02,8.66,7.96,8.27,8.66,7.4,40.4,59.6,"{""1"": ""DJ Willey"", ""2"": ""Mohammad Ali"", ""3"": ""DJ Willey"", ""4"": ""Anwar Ali"", ""5"": ""Shahnawaz Dhani"", ""6"": ""Abbas Afridi"", ""7"": ""Usama Mir"", ""8"": ""Imran Tahir"", ""9"": ""Usama Mir"", ""10"": ""Imran Tahir"", ""11"": ""Usama Mir"", ""12"": ""Usama Mir"", ""13"": ""Usama Mir"", ""14"": ""Usama Mir"", ""15"": ""Imran Tahir"", ""16"": ""Usama Mir"", ""17"": ""DJ Willey"", ""18"": ""Abbas Afridi"", ""19"": ""DJ Willey"", ""20"": ""Shahnawaz Dhani""}",8.14,9.55,11,13.3,FALSE
Multan Sultans,2018,"{""1"": ""KC Sangakkara"", ""2"": ""Ahmed Shehzad"", ""3"": ""Sohaib Maqsood"", ""4"": ""Shoaib Malik"", ""5"": ""KA Pollard"", ""6"": ""RA Whiteley"", ""7"": ""Saif Badar"", ""8"": ""Sohail Tanvir""}",0,11.1,101.2,111.5,143,7.42,6.74,6,7.64,9.47,6.23,50,50,"{""1"": ""Sohail Tanvir"", ""2"": ""Mohammad Irfan"", ""3"": ""Sohail Tanvir"", ""4"": ""Mohammad Irfan"", ""5"": ""Sohail Tanvir"", ""6"": ""Imran Tahir"", ""7"": ""Junaid Khan"", ""8"": ""Imran Tahir"", ""9"": ""Junaid Khan"", ""10"": ""Imran Tahir"", ""11"": ""Imran Tahir"", ""12"": ""Mohammad Irfan"", ""13"": ""GC Viljoen"", ""14"": ""Mohammad Irfan"", ""15"": ""Junaid Khan"", ""16"": ""Imran Tahir"", ""17"": ""Imran Tahir"", ""18"": ""Sohail Tanvir"", ""19"": ""Sohail Tanvir"", ""20"": ""Sohail Tanvir""}",6.35,9.63,0,0,FALSE
Multan Sultans,2019,"{""1"": ""Umar Siddiq"", ""2"": ""JM Vince"", ""3"": ""J Charles"", ""4"": ""Shoaib Malik"", ""5"": ""DT Christian"", ""6"": ""Shahid Afridi"", ""7"": ""Hammad Azam"", ""8"": ""CJ Green""}",0,40,126,115.3,125.2,6.46,7.15,7.4,6.3,6.46,6.56,100,0,"{""1"": ""Mohammad Irfan"", ""2"": ""CJ Green"", ""3"": ""Ali Shafiq"", ""4"": ""Mohammad Irfan"", ""5"": ""Mohammad Ilyas"", ""6"": ""Mohammad Irfan"", ""7"": ""Shahid Afridi"", ""8"": ""Shahid Afridi"", ""9"": ""Shoaib Malik"", ""10"": ""Shahid Afridi"", ""11"": ""Shoaib Malik"", ""12"": ""Shahid Afridi"", ""13"": ""Mohammad Irfan"", ""14"": ""Junaid Khan"", ""15"": ""Junaid Khan"", ""16"": ""Mohammad Irfan"", ""17"": ""Junaid Khan"", ""18"": ""AD Russell"", ""19"": ""Mohammad Ilyas"", ""20"": ""Junaid Khan""}",7.06,9.13,0,0,FALSE
Multan Sultans,2020,"{""1"": ""Zeeshan Ashraf"", ""2"": ""JM Vince"", ""3"": ""Shan Masood"", ""4"": ""RR Rossouw"", ""5"": ""RS Bopara"", ""6"": ""Khushdil Shah"", ""7"": ""Shahid Afridi"", ""8"": ""Sohail Tanvir""}",33.3,27.3,128.5,122.2,175.3,7.83,8.83,6.42,11.6,8.08,5.82,42.9,57.1,"{""1"": ""Sohail Tanvir"", ""2"": ""Mohammad Ilyas"", ""3"": ""Mohammad Irfan"", ""4"": ""Sohail Tanvir"", ""5"": ""Mohammad Irfan"", ""6"": ""Mohammad Ilyas"", ""7"": ""Shahid Afridi"", ""8"": ""Imran Tahir"", ""9"": ""Shahid Afridi"", ""10"": ""Imran Tahir"", ""11"": ""Shahid Afridi"", ""12"": ""Shahid Afridi"", ""13"": ""Shahid Afridi"", ""14"": ""Imran Tahir"", ""15"": ""Mohammad Irfan"", ""16"": ""Mohammad Ilyas"", ""17"": ""Sohail Tanvir"", ""18"": ""Sohail Tanvir"", ""19"": ""Sohail Tanvir"", ""20"": ""Sohail Tanvir""}",9.08,8.19,0,2.7,FALSE
Multan Sultans,2021,"{""1"": ""Shan Masood"", ""2"": ""Mohammad Rizwan"", ""3"": ""Sohaib Maqsood"", ""4"": ""RR Rossouw"", ""5"": ""J Charles"", ""6"": ""Khushdil Shah"", ""7"": ""Sohail Tanvir"", ""8"": ""CR Brathwaite""}",33.3,41.7,134.6,136.7,151.7,8.67,8.6,7.42,8.15,12.19,7.86,28.6,71.4,"{""1"": ""Sohail Tanvir"", ""2"": ""Imran Khan"", ""3"": ""Sohail Tanvir"", ""4"": ""Imran Khan"", ""5"": ""Shahnawaz Dhani"", ""6"": ""CR Brathwaite"", ""7"": ""Shahnawaz Dhani"", ""8"": ""Imran Tahir"", ""9"": ""Shahid Afridi"", ""10"": ""Imran Tahir"", ""11"": ""Shahid Afridi"", ""12"": ""Imran Tahir"", ""13"": ""Shahnawaz Dhani"", ""14"": ""CR Brathwaite"", ""15"": ""Sohail Tanvir"", ""16"": ""Sohail Tanvir"", ""17"": ""Shahnawaz Dhani"", ""18"": ""CR Brathwaite"", ""19"": ""Shahnawaz Dhani"", ""20"": ""Imran Khan""}",7.26,9.07,0,2.2,FALSE
Multan Sultans,2022,"{""1"": ""Shan Masood"", ""2"": ""Mohammad Rizwan"", ""3"": ""Sohaib Maqsood"", ""4"": ""RR Rossouw"", ""5"": ""TH David"", ""6"": ""Khushdil Shah"", ""7"": ""DJ Willey"", ""8"": ""Abbas Afridi""}",33.3,50,127.2,123,190.3,9.04,8.44,7.88,7.5,11.43,8.6,40,60,"{""1"": ""Asif Afridi"", ""2"": ""DJ Willey"", ""3"": ""Asif Afridi"", ""4"": ""Rumman Raees"", ""5"": ""Shahnawaz Dhani"", ""6"": ""DJ Willey"", ""7"": ""Imran Tahir"", ""8"": ""Imran Tahir"", ""9"": ""Imran Tahir"", ""10"": ""Imran Tahir"", ""11"": ""Imran Tahir"", ""12"": ""Imran Tahir"", ""13"": ""Imran Tahir"", ""14"": ""Khushdil Shah"", ""15"": ""Imran Tahir"", ""16"": ""Khushdil Shah"", ""17"": ""Shahnawaz Dhani"", ""18"": ""Shahnawaz Dhani"", ""19"": ""Rumman Raees"", ""20"": ""Shahnawaz Dhani""}",8.26,9.55,1.4,21.8,FALSE
Multan Sultans,2023,"{""1"": ""Shan Masood"", ""2"": ""Mohammad Rizwan"", ""3"": ""RR Rossouw"", ""4"": ""KA Pollard"", ""5"": ""TH David"", ""6"": ""Khushdil Shah"", ""7"": ""Anwar Ali"", ""8"": ""Usama Mir""}",33.3,41.7,149.9,141.2,186.9,9.33,9.04,9,7.45,9.12,10.77,28.6,71.4,"{""1"": ""AJ Hosein"", ""2"": ""Anwar Ali"", ""3"": ""AJ Hosein"", ""4"": ""Anwar Ali"", ""5"": ""Ihsanullah"", ""6"": ""Ihsanullah"", ""7"": ""Abbas Afridi"", ""8"": ""Usama Mir"", ""9"": ""Usama Mir"", ""10"": ""Usama Mir"", ""11"": ""Ihsanullah"", ""12"": ""Usama Mir"", ""13"": ""Ihsanullah"", ""14"": ""Usama Mir"", ""15"": ""Abbas Afridi"", ""16"": ""Ihsanullah"", ""17"": ""Abbas Afridi"", ""18"": ""Abbas Afridi"", ""19"": ""Ihsanullah"", ""20"": ""Abbas Afridi""}",8.81,10.22,25.3,23.8,FALSE
Multan Sultans,2024,"{""1"": ""Mohammad Rizwan"", ""2"": ""DJ Malan"", ""3"": ""Usman Khan"", ""4"": ""J Charles"", ""5"": ""Iftikhar Ahmed"", ""6"": ""Khushdil Shah"", ""7"": ""Usama Mir"", ""8"": ""DJ Willey""}",16.7,41.7,122.2,136.5,188.1,8.36,9.42,9.61,9.55,7.62,8.07,37.5,62.5,"{""1"": ""DJ Willey"", ""2"": ""Mohammad Ali"", ""3"": ""DJ Willey"", ""4"": ""Mohammad Ali"", ""5"": ""DJ Willey"", ""6"": ""CJ Jordan"", ""7"": ""Usama Mir"", ""8"": ""Usama Mir"", ""9"": ""Usama Mir"", ""10"": ""CJ Jordan"", ""11"": ""Usama Mir"", ""12"": ""Usama Mir"", ""13"": ""Usama Mir"", ""14"": ""Usama Mir"", ""15"": ""Mohammad Ali"", ""16"": ""Usama Mir"", ""17"": ""DJ Willey"", ""18"": ""Abbas Afridi"", ""19"": ""CJ Jordan"", ""20"": ""Mohammad Ali""}",7.98,8.57,20.7,31.7,FALSE
Multan Sultans,2025,"{""1"": ""Yasir Khan"", ""2"": ""Mohammad Rizwan"", ""3"": ""Usman Khan"", ""4"": ""Kamran Ghulam"", ""5"": ""MG Bracewell"", ""6"": ""Iftikhar Ahmed"", ""7"": ""DJ Willey"", ""8"": ""CJ Jordan""}",0,80,134.2,120.7,161.4,7.42,9.1,7.93,8.17,8.45,6.28,0,100,"{""1"": ""DJ Willey"", ""2"": ""MG Bracewell"", ""3"": ""DJ Willey"", ""4"": ""MG Bracewell"", ""5"": ""Ubaid Shah"", ""6"": ""CJ Jordan"", ""7"": ""Usama Mir"", ""8"": ""MG Bracewell"", ""9"": ""Usama Mir"", ""10"": ""Ubaid Shah"", ""11"": ""Usama Mir"", ""12"": ""MG Bracewell"", ""13"": ""Usama Mir"", ""14"": ""Ubaid Shah"", ""15"": ""Ubaid Shah"", ""16"": ""Usama Mir"", ""17"": ""Ubaid Shah"", ""18"": ""Ubaid Shah"", ""19"": ""Akif Javed"", ""20"": ""CJ Jordan""}",10.17,12.47,40.3,15.8,FALSE
Peshawar Zalmi,0,"{""1"": ""Saim Ayub"", ""2"": ""Babar Azam"", ""3"": ""Mohammad Haris"", ""4"": ""T Kohler-Cadmore"", ""5"": ""R Powell"", ""6"": ""SE Rutherford"", ""7"": ""Aamer Jamal"", ""8"": ""Wahab Riaz""}",16.7,37.2,123.7,131.2,156.9,8.17,8.21,7.45,8.29,7.95,8.1,45.8,54.2,"{""1"": ""Hasan Ali"", ""2"": ""L Wood"", ""3"": ""L Wood"", ""4"": ""Wahab Riaz"", ""5"": ""Wahab Riaz"", ""6"": ""Wahab Riaz"", ""7"": ""Sufiyan Muqeem"", ""8"": ""Wahab Riaz"", ""9"": ""Sufiyan Muqeem"", ""10"": ""Saim Ayub"", ""11"": ""Wahab Riaz"", ""12"": ""Wahab Riaz"", ""13"": ""Wahab Riaz"", ""14"": ""Wahab Riaz"", ""15"": ""Wahab Riaz"", ""16"": ""Wahab Riaz"", ""17"": ""Wahab Riaz"", ""18"": ""Wahab Riaz"", ""19"": ""Wahab Riaz"", ""20"": ""Wahab Riaz""}",7.67,9.72,10,8.3,FALSE
Peshawar Zalmi,2016,"{""1"": ""Tamim Iqbal"", ""2"": ""Mohammad Hafeez"", ""3"": ""DJ Malan"", ""4"": ""BJ Hodge"", ""5"": ""Shahid Yousuf"", ""6"": ""Shahid Afridi"", ""7"": ""DJG Sammy"", ""8"": ""Wahab Riaz""}",0,11.1,91.7,111.3,155.5,8.87,7.5,7.5,11.5,8.87,7.97,80,20,"{""1"": ""SW Tait"", ""2"": ""SW Tait"", ""3"": ""SW Tait"", ""4"": ""SW Tait"", ""5"": ""Mohammad Asghar"", ""6"": ""Wahab Riaz"", ""7"": ""Shahid Afridi"", ""8"": ""Shahid Afridi"", ""9"": ""Shahid Afridi"", ""10"": ""Shahid Afridi"", ""11"": ""Shahid Afridi"", ""12"": ""Shahid Afridi"", ""13"": ""Shahid Afridi"", ""14"": ""SW Tait"", ""15"": ""Mohammad Asghar"", ""16"": ""Junaid Khan"", ""17"": ""Wahab Riaz"", ""18"": ""SW Tait"", ""19"": ""Wahab Riaz"", ""20"": ""Wahab Riaz""}",5.91,7.8,0,0,FALSE
Peshawar Zalmi,2017,"{""1"": ""Tamim Iqbal"", ""2"": ""DJ Malan"", ""3"": ""Kamran Akmal"", ""4"": ""EJG Morgan"", ""5"": ""Shakib Al Hasan"", ""6"": ""Sohaib Maqsood"", ""7"": ""DJG Sammy"", ""8"": ""CJ Jordan""}",0,27.3,102,116.8,147.6,7.31,8.25,8.25,7.38,7,7.29,42.9,57.1,"{""1"": ""Hasan Ali"", ""2"": ""Mohammad Asghar"", ""3"": ""Hasan Ali"", ""4"": ""Hasan Ali"", ""5"": ""Hasan Ali"", ""6"": ""Wahab Riaz"", ""7"": ""Shahid Afridi"", ""8"": ""Shahid Afridi"", ""9"": ""Wahab Riaz"", ""10"": ""Shahid Afridi"", ""11"": ""Shahid Afridi"", ""12"": ""Shahid Afridi"", ""13"": ""Shahid Afridi"", ""14"": ""Shahid Afridi"", ""15"": ""DJG Sammy"", ""16"": ""Wahab Riaz"", ""17"": ""Hasan Ali"", ""18"": ""Wahab Riaz"", ""19"": ""Hasan Ali"", ""20"": ""Wahab Riaz""}",6.1,8.57,0,1.1,FALSE
Peshawar Zalmi,2018,"{""1"": ""Tamim Iqbal"", ""2"": ""Kamran Akmal"", ""3"": ""DR Smith"", ""4"": ""Mohammad Hafeez"", ""5"": ""DJG Sammy"", ""6"": ""LA Dawson"", ""7"": ""Hammad Azam"", ""8"": ""CJ Jordan""}",0,15.4,114.3,123.4,161.4,7.39,7.55,6.74,8.38,4.67,6.47,42.9,57.1,"{""1"": ""Hasan Ali"", ""2"": ""Umaid Asif"", ""3"": ""Hasan Ali"", ""4"": ""Umaid Asif"", ""5"": ""Wahab Riaz"", ""6"": ""Wahab Riaz"", ""7"": ""Wahab Riaz"", ""8"": ""LA Dawson"", ""9"": ""LA Dawson"", ""10"": ""Sameen Gul"", ""11"": ""Wahab Riaz"", ""12"": ""LA Dawson"", ""13"": ""Ibtisam Sheikh"", ""14"": ""Umaid Asif"", ""15"": ""Hasan Ali"", ""16"": ""Umaid Asif"", ""17"": ""Wahab Riaz"", ""18"": ""Wahab Riaz"", ""19"": ""Wahab Riaz"", ""20"": ""Wahab Riaz""}",7.29,9.28,11.2,2.5,FALSE
Peshawar Zalmi,2019,"{""1"": ""Kamran Akmal"", ""2"": ""Imam-ul-Haq"", ""3"": ""Sohaib Maqsood"", ""4"": ""Umar Amin"", ""5"": ""KA Pollard"", ""6"": ""LA Dawson"", ""7"": ""DJG Sammy"", ""8"": ""Wahab Riaz""}",0,38.5,115.2,120.3,167.5,7.2,7.51,6,7.54,6,7.21,62.5,37.5,"{""1"": ""Hasan Ali"", ""2"": ""Sameen Gul"", ""3"": ""Hasan Ali"", ""4"": ""Umaid Asif"", ""5"": ""Sameen Gul"", ""6"": ""Wahab Riaz"", ""7"": ""KA Pollard"", ""8"": ""Wahab Riaz"", ""9"": ""LA Dawson"", ""10"": ""Sameen Gul"", ""11"": ""LA Dawson"", ""12"": ""KA Pollard"", ""13"": ""LA Dawson"", ""14"": ""KA Pollard"", ""15"": ""Hasan Ali"", ""16"": ""Hasan Ali"", ""17"": ""Hasan Ali"", ""18"": ""Wahab Riaz"", ""19"": ""Hasan Ali"", ""20"": ""Wahab Riaz""}",7.82,7.28,11,0,FALSE
Peshawar Zalmi,2020,"{""1"": ""Kamran Akmal"", ""2"": ""Imam-ul-Haq"", ""3"": ""Haider Ali"", ""4"": ""Shoaib Malik"", ""5"": ""LS Livingstone"", ""6"": ""L Gregory"", ""7"": ""CR Brathwaite"", ""8"": ""Wahab Riaz""}",0,50,133.8,143.3,134.5,9.67,8.41,6.78,11,9.67,9.55,33.3,66.7,"{""1"": ""Hasan Ali"", ""2"": ""Rahat Ali"", ""3"": ""Hasan Ali"", ""4"": ""Rahat Ali"", ""5"": ""Wahab Riaz"", ""6"": ""Wahab Riaz"", ""7"": ""L Gregory"", ""8"": ""Mohammad Amir Khan"", ""9"": ""L Gregory"", ""10"": ""LA Dawson"", ""11"": ""Hasan Ali"", ""12"": ""Wahab Riaz"", ""13"": ""Wahab Riaz"", ""14"": ""Rahat Ali"", ""15"": ""Hasan Ali"", ""16"": ""CR Brathwaite"", ""17"": ""Wahab Riaz"", ""18"": ""Rahat Ali"", ""19"": ""Wahab Riaz"", ""20"": ""Hasan Ali""}",7.98,9.12,6.8,0.6,FALSE
Peshawar Zalmi,2021,"{""1"": ""Hazratullah"", ""2"": ""Kamran Akmal"", ""3"": ""Shoaib Malik"", ""4"": ""DA Miller"", ""5"": ""R Powell"", ""6"": ""SE Rutherford"", ""7"": ""Amad Butt"", ""8"": ""Wahab Riaz""}",0,38.5,116.7,142.5,177.4,8.69,8.32,7.89,9.75,30,7.94,85.7,14.3,"{""1"": ""Wahab Riaz"", ""2"": ""Mohammad Irfan"", ""3"": ""Mohammad Imran"", ""4"": ""Mohammad Irfan"", ""5"": ""Mohammad Imran"", ""6"": ""Mohammad Irfan"", ""7"": ""Mujeeb Ur Rahman"", ""8"": ""Amad Butt"", ""9"": ""Umaid Asif"", ""10"": ""Amad Butt"", ""11"": ""Mohammad Imran"", ""12"": ""Mohammad Irfan"", ""13"": ""Mohammad Imran"", ""14"": ""Umaid Asif"", ""15"": ""Wahab Riaz"", ""16"": ""Wahab Riaz"", ""17"": ""Mohammad Imran"", ""18"": ""Wahab Riaz"", ""19"": ""Wahab Riaz"", ""20"": ""Mohammad Imran""}",6.86,11.68,4.4,10.2,FALSE
Peshawar Zalmi,2022,"{""1"": ""Hazratullah"", ""2"": ""Mohammad Haris"", ""3"": ""Haider Ali"", ""4"": ""Shoaib Malik"", ""5"": ""Hussain Talat"", ""6"": ""SE Rutherford"", ""7"": ""BCJ Cutting"", ""8"": ""Wahab Riaz""}",16.7,36.4,136.7,125.2,157.9,7.86,7.84,8,7.5,8.5,7.89,16.7,83.3,"{""1"": ""Shoaib Malik"", ""2"": ""Mohammad Umar"", ""3"": ""Salman Irshad"", ""4"": ""Mohammad Umar"", ""5"": ""Wahab Riaz"", ""6"": ""Salman Irshad"", ""7"": ""Usman Qadir"", ""8"": ""Usman Qadir"", ""9"": ""Hussain Talat"", ""10"": ""Usman Qadir"", ""11"": ""Hussain Talat"", ""12"": ""Usman Qadir"", ""13"": ""Wahab Riaz"", ""14"": ""Usman Qadir"", ""15"": ""Sohail Khan"", ""16"": ""Wahab Riaz"", ""17"": ""Salman Irshad"", ""18"": ""Salman Irshad"", ""19"": ""Wahab Riaz"", ""20"": ""Salman Irshad""}",9.07,9.9,16.6,14.3,FALSE
Peshawar Zalmi,2023,"{""1"": ""Mohammad Haris"", ""2"": ""Babar Azam"", ""3"": ""Saim Ayub"", ""4"": ""T Kohler-Cadmore"", ""5"": ""R Powell"", ""6"": ""JDS Neesham"", ""7"": ""Aamer Jamal"", ""8"": ""Wahab Riaz""}",16.7,75,160.6,153.2,140.9,10.35,8.9,8.69,8.67,14.21,11.45,16.7,83.3,"{""1"": ""Arshad Iqbal"", ""2"": ""Wahab Riaz"", ""3"": ""Arshad Iqbal"", ""4"": ""JDS Neesham"", ""5"": ""Wahab Riaz"", ""6"": ""Wahab Riaz"", ""7"": ""Usman Qadir"", ""8"": ""Salman Irshad"", ""9"": ""Sufiyan Muqeem"", ""10"": ""Sufiyan Muqeem"", ""11"": ""JDS Neesham"", ""12"": ""Mujeeb Ur Rahman"", ""13"": ""Wahab Riaz"", ""14"": ""Wahab Riaz"", ""15"": ""Arshad Iqbal"", ""16"": ""Salman Irshad"", ""17"": ""Arshad Iqbal"", ""18"": ""Aamer Jamal"", ""19"": ""Salman Irshad"", ""20"": ""Arshad Iqbal""}",8.44,12.33,16,1.3,FALSE
Peshawar Zalmi,2024,"{""1"": ""Saim Ayub"", ""2"": ""Babar Azam"", ""3"": ""Mohammad Haris"", ""4"": ""Haseebullah Khan"", ""5"": ""T Kohler-Cadmore"", ""6"": ""R Powell"", ""7"": ""Aamer Jamal"", ""8"": ""L Wood""}",16.7,45.5,142.4,132.8,155.2,8.39,8.7,8.4,7.81,9.5,9.37,0,100,"{""1"": ""Saim Ayub"", ""2"": ""L Wood"", ""3"": ""L Wood"", ""4"": ""Mohammad Zeeshan"", ""5"": ""L Wood"", ""6"": ""Naveen-ul-Haq"", ""7"": ""Aamer Jamal"", ""8"": ""Arif Yaqoob"", ""9"": ""Salman Irshad"", ""10"": ""Saim Ayub"", ""11"": ""Arif Yaqoob"", ""12"": ""Saim Ayub"", ""13"": ""Salman Irshad"", ""14"": ""Saim Ayub"", ""15"": ""Aamer Jamal"", ""16"": ""Salman Irshad"", ""17"": ""L Wood"", ""18"": ""Salman Irshad"", ""19"": ""L Wood"", ""20"": ""Salman Irshad""}",7.83,10.61,16.4,20.2,FALSE
Peshawar Zalmi,2025,"{""1"": ""Saim Ayub"", ""2"": ""Babar Azam"", ""3"": ""T Kohler-Cadmore"", ""4"": ""Mohammad Haris"", ""5"": ""Hussain Talat"", ""6"": ""Abdul Samad"", ""7"": ""MJ Owen"", ""8"": ""AS Joseph""}",33.3,30,120.1,142.7,166.4,8.11,7.73,5.76,9.3,6.14,7.1,75,25,"{""1"": ""L Wood"", ""2"": ""AS Joseph"", ""3"": ""L Wood"", ""4"": ""AS Joseph"", ""5"": ""L Wood"", ""6"": ""Ali Raza"", ""7"": ""Sufiyan Muqeem"", ""8"": ""Saim Ayub"", ""9"": ""Ahmed Daniyal"", ""10"": ""Saim Ayub"", ""11"": ""Ahmed Daniyal"", ""12"": ""Saim Ayub"", ""13"": ""Saim Ayub"", ""14"": ""Ali Raza"", ""15"": ""Ali Raza"", ""16"": ""Ali Raza"", ""17"": ""AS Joseph"", ""18"": ""Ali Raza"", ""19"": ""Ali Raza"", ""20"": ""Hussain Talat""}",9.25,9.64,14.8,34.5,FALSE
Quetta Gladiators,0,"{""1"": ""JJ Roy"", ""2"": ""FH Allen"", ""3"": ""RR Rossouw"", ""4"": ""Sarfraz Ahmed"", ""5"": ""Iftikhar Ahmed"", ""6"": ""Mohammad Nawaz"", ""7"": ""AJ Hosein"", ""8"": ""Mohammad Wasim""}",16.7,37.3,126.8,125.5,145.4,7.91,8.12,7.22,8.38,8.58,7.1,69.2,30.8,"{""1"": ""Mohammad Amir"", ""2"": ""Mohammad Hasnain"", ""3"": ""Mohammad Amir"", ""4"": ""Mohammad Hasnain"", ""5"": ""Mohammad Wasim"", ""6"": ""Abrar Ahmed"", ""7"": ""Mohammad Nawaz"", ""8"": ""Mohammad Nawaz"", ""9"": ""Mohammad Nawaz"", ""10"": ""Mohammad Nawaz"", ""11"": ""Usman Tariq"", ""12"": ""Abrar Ahmed"", ""13"": ""Mohammad Hasnain"", ""14"": ""Mohammad Nawaz"", ""15"": ""Abrar Ahmed"", ""16"": ""Naseem Shah"", ""17"": ""Mohammad Amir"", ""18"": ""Naseem Shah"", ""19"": ""Mohammad Amir"", ""20"": ""Mohammad Wasim""}",7.89,9.78,20.7,23.9,FALSE
Quetta Gladiators,2016,"{""1"": ""LJ Wright"", ""2"": ""Ahmed Shehzad"", ""3"": ""KP Pietersen"", ""4"": ""Sarfraz Ahmed"", ""5"": ""Mohammad Nawaz"", ""6"": ""Akbar-ur-Rehman"", ""7"": ""GD Elliott"", ""8"": ""Anwar Ali""}",16.7,30,124.4,125.6,119.1,8.35,6.33,6.33,6.75,14.14,7.17,85.7,14.3,"{""1"": ""Anwar Ali"", ""2"": ""Zulfiqar Babar"", ""3"": ""Anwar Ali"", ""4"": ""Zulfiqar Babar"", ""5"": ""Mohammad Nawaz"", ""6"": ""Mohammad Nabi"", ""7"": ""Aizaz Cheema"", ""8"": ""Mohammad Nawaz"", ""9"": ""Mohammad Nawaz"", ""10"": ""Mohammad Nawaz"", ""11"": ""Zulfiqar Babar"", ""12"": ""Mohammad Nawaz"", ""13"": ""Zulfiqar Babar"", ""14"": ""Mohammad Nawaz"", ""15"": ""Mohammad Nawaz"", ""16"": ""Mohammad Nabi"", ""17"": ""Zulfiqar Babar"", ""18"": ""GD Elliott"", ""19"": ""Anwar Ali"", ""20"": ""Anwar Ali""}",6.51,9.47,0,18.1,FALSE
Quetta Gladiators,2017,"{""1"": ""Asad Shafiq"", ""2"": ""Ahmed Shehzad"", ""3"": ""KP Pietersen"", ""4"": ""RR Rossouw"", ""5"": ""Sarfraz Ahmed"", ""6"": ""Anwar Ali"", ""7"": ""NLTC Perera"", ""8"": ""Hassan Khan""}",0,22.2,106.7,129.2,146.1,7.9,7.47,7.47,8.14,7.9,7.33,60,40,"{""1"": ""Zulfiqar Babar"", ""2"": ""TS Mills"", ""3"": ""Zulfiqar Babar"", ""4"": ""TS Mills"", ""5"": ""Anwar Ali"", ""6"": ""Mohammad Nawaz"", ""7"": ""Hassan Khan"", ""8"": ""Hassan Khan"", ""9"": ""Hassan Khan"", ""10"": ""Zulfiqar Babar"", ""11"": ""Hassan Khan"", ""12"": ""NLTC Perera"", ""13"": ""Zulfiqar Babar"", ""14"": ""Zulfiqar Babar"", ""15"": ""Mohammad Nawaz"", ""16"": ""NLTC Perera"", ""17"": ""Mohammad Nawaz"", ""18"": ""TS Mills"", ""19"": ""Anwar Ali"", ""20"": ""NLTC Perera""}",7.36,9.54,2.1,34,FALSE
Quetta Gladiators,2018,"{""1"": ""Asad Shafiq"", ""2"": ""SR Watson"", ""3"": ""Umar Amin"", ""4"": ""KP Pietersen"", ""5"": ""RR Rossouw"", ""6"": ""Sarfraz Ahmed"", ""7"": ""Mohammad Nawaz"", ""8"": ""Anwar Ali""}",0,18.2,109.6,124.6,129.8,7.76,6.32,6.49,6.97,7.2,8.31,80,20,"{""1"": ""Mohammad Nawaz"", ""2"": ""Rahat Ali"", ""3"": ""Rahat Ali"", ""4"": ""Rahat Ali"", ""5"": ""Rahat Ali"", ""6"": ""Mohammad Nawaz"", ""7"": ""Hassan Khan"", ""8"": ""Mohammad Nawaz"", ""9"": ""Hassan Khan"", ""10"": ""Mohammad Nawaz"", ""11"": ""Hassan Khan"", ""12"": ""SR Watson"", ""13"": ""Anwar Ali"", ""14"": ""SR Watson"", ""15"": ""Anwar Ali"", ""16"": ""Rahat Ali"", ""17"": ""SR Watson"", ""18"": ""Anwar Ali"", ""19"": ""Rahat Ali"", ""20"": ""SR Watson""}",7.18,7.98,5.1,29.7,FALSE
Quetta Gladiators,2019,"{""1"": ""SR Watson"", ""2"": ""Ahsan Ali"", ""3"": ""RR Rossouw"", ""4"": ""Umar Akmal"", ""5"": ""Sarfraz Ahmed"", ""6"": ""Anwar Ali"", ""7"": ""Mohammad Nawaz"", ""8"": ""Sohail Tanvir""}",0,50,136,119.4,138.4,7.38,7.45,6.14,10.29,7.33,4.88,77.8,22.2,"{""1"": ""Sohail Tanvir"", ""2"": ""Mohammad Nawaz"", ""3"": ""Sohail Tanvir"", ""4"": ""Mohammad Nawaz"", ""5"": ""Sohail Tanvir"", ""6"": ""Fawad Ahmed"", ""7"": ""Fawad Ahmed"", ""8"": ""Mohammad Nawaz"", ""9"": ""Fawad Ahmed"", ""10"": ""Mohammad Nawaz"", ""11"": ""Fawad Ahmed"", ""12"": ""Mohammad Nawaz"", ""13"": ""Fawad Ahmed"", ""14"": ""Fawad Ahmed"", ""15"": ""Fawad Ahmed"", ""16"": ""Sohail Tanvir"", ""17"": ""Sohail Tanvir"", ""18"": ""Sohail Tanvir"", ""19"": ""Sohail Tanvir"", ""20"": ""Ghulam Mudassar""}",6.88,9.23,11.9,19.5,FALSE
Quetta Gladiators,2020,"{""1"": ""JJ Roy"", ""2"": ""SR Watson"", ""3"": ""Ahmed Shehzad"", ""4"": ""Sarfraz Ahmed"", ""5"": ""Azam Khan"", ""6"": ""Mohammad Nawaz"", ""7"": ""BCJ Cutting"", ""8"": ""Sohail Khan""}",16.7,22.2,117.8,138.1,132.5,9.92,7.28,7.17,11.37,12,4.4,100,0,"{""1"": ""Mohammad Nawaz"", ""2"": ""Sohail Khan"", ""3"": ""Mohammad Nawaz"", ""4"": ""Naseem Shah"", ""5"": ""Mohammad Hasnain"", ""6"": ""Mohammad Hasnain"", ""7"": ""Fawad Ahmed"", ""8"": ""Mohammad Nawaz"", ""9"": ""Fawad Ahmed"", ""10"": ""Fawad Ahmed"", ""11"": ""TS Mills"", ""12"": ""Mohammad Hasnain"", ""13"": ""Mohammad Hasnain"", ""14"": ""Fawad Ahmed"", ""15"": ""BCJ Cutting"", ""16"": ""Sohail Khan"", ""17"": ""Naseem Shah"", ""18"": ""Naseem Shah"", ""19"": ""Naseem Shah"", ""20"": ""Sohail Khan""}",7.62,9.7,32.9,15.1,FALSE
Quetta Gladiators,2021,"{""1"": ""J Weatherald"", ""2"": ""Saim Ayub"", ""3"": ""F du Plessis"", ""4"": ""Sarfraz Ahmed"", ""5"": ""Azam Khan"", ""6"": ""Mohammad Nawaz"", ""7"": ""BCJ Cutting"", ""8"": ""JD Wildermuth""}",33.3,40,109.4,126.2,128.9,8.61,6.99,6.49,8.29,14,7.67,0,100,"{""1"": ""Mohammad Nawaz"", ""2"": ""Mohammad Hasnain"", ""3"": ""Usman Shinwari"", ""4"": ""Mohammad Hasnain"", ""5"": ""Usman Shinwari"", ""6"": ""Mohammad Hasnain"", ""7"": ""Mohammad Nawaz"", ""8"": ""Zahid Mahmood"", ""9"": ""Mohammad Nawaz"", ""10"": ""Zahid Mahmood"", ""11"": ""Mohammad Nawaz"", ""12"": ""Qais Ahmad"", ""13"": ""Mohammad Hasnain"", ""14"": ""Zahid Mahmood"", ""15"": ""DW Steyn"", ""16"": ""BCJ Cutting"", ""17"": ""Mohammad Hasnain"", ""18"": ""Mohammad Hasnain"", ""19"": ""Mohammad Hasnain"", ""20"": ""Mohammad Hasnain""}",8.62,11.76,32.3,18.6,FALSE
Quetta Gladiators,2022,"{""1"": ""JJ Roy"", ""2"": ""WCF Smeed"", ""3"": ""JM Vince"", ""4"": ""Sarfraz Ahmed"", ""5"": ""Iftikhar Ahmed"", ""6"": ""Umar Akmal"", ""7"": ""Sohail Tanvir"", ""8"": ""Noor Ahmad""}",0,80,146.7,121.4,159.3,6.68,9.45,8.95,7.75,9.33,5.58,75,25,"{""1"": ""Sohail Tanvir"", ""2"": ""Mohammad Hasnain"", ""3"": ""Sohail Tanvir"", ""4"": ""Naseem Shah"", ""5"": ""Naseem Shah"", ""6"": ""Ghulam Mudassar"", ""7"": ""Shahid Afridi"", ""8"": ""Mohammad Nawaz"", ""9"": ""Shahid Afridi"", ""10"": ""Ashir Qureshi"", ""11"": ""JP Faulkner"", ""12"": ""Mohammad Nawaz"", ""13"": ""JP Faulkner"", ""14"": ""Mohammad Hasnain"", ""15"": ""Sohail Tanvir"", ""16"": ""Naseem Shah"", ""17"": ""Sohail Tanvir"", ""18"": ""Naseem Shah"", ""19"": ""Naseem Shah"", ""20"": ""Naseem Shah""}",8.68,10.95,28.5,15.9,FALSE
Quetta Gladiators,2023,"{""1"": ""JJ Roy"", ""2"": ""MJ Guptill"", ""3"": ""Abdul Bangalzai"", ""4"": ""Mohammad Hafeez"", ""5"": ""Iftikhar Ahmed"", ""6"": ""Umar Akmal"", ""7"": ""Mohammad Nawaz"", ""8"": ""OF Smith""}",0,30,124.7,120.3,183.2,6.43,7.95,7.13,7.16,5.5,4.71,66.7,33.3,"{""1"": ""Naseem Shah"", ""2"": ""Mohammad Nawaz"", ""3"": ""Naseem Shah"", ""4"": ""Mohammad Hasnain"", ""5"": ""Mohammad Hasnain"", ""6"": ""Mohammad Hasnain"", ""7"": ""Mohammad Nawaz"", ""8"": ""Mohammad Nawaz"", ""9"": ""Qais Ahmad"", ""10"": ""Mohammad Nawaz"", ""11"": ""Mohammad Nawaz"", ""12"": ""Mohammad Nawaz"", ""13"": ""Mohammad Nawaz"", ""14"": ""Mohammad Nawaz"", ""15"": ""Qais Ahmad"", ""16"": ""Naseem Shah"", ""17"": ""Naseem Shah"", ""18"": ""Naseem Shah"", ""19"": ""Mohammad Hasnain"", ""20"": ""OF Smith""}",9.01,10.45,29.9,19.9,FALSE
Quetta Gladiators,2024,"{""1"": ""JJ Roy"", ""2"": ""Saud Shakeel"", ""3"": ""Khawaja Nafay"", ""4"": ""RR Rossouw"", ""5"": ""Sarfraz Ahmed"", ""6"": ""SE Rutherford"", ""7"": ""AJ Hosein"", ""8"": ""Mohammad Wasim""}",16.7,50,131.4,118.5,137.1,7.73,8.47,8.57,7.71,7.83,7.56,80,20,"{""1"": ""Mohammad Amir"", ""2"": ""Mohammad Amir"", ""3"": ""Mohammad Amir"", ""4"": ""Mohammad Amir"", ""5"": ""Abrar Ahmed"", ""6"": ""Abrar Ahmed"", ""7"": ""Abrar Ahmed"", ""8"": ""Abrar Ahmed"", ""9"": ""AJ Hosein"", ""10"": ""Abrar Ahmed"", ""11"": ""AJ Hosein"", ""12"": ""Abrar Ahmed"", ""13"": ""Mohammad Hasnain"", ""14"": ""AJ Hosein"", ""15"": ""Mohammad Hasnain"", ""16"": ""Abrar Ahmed"", ""17"": ""Mohammad Amir"", ""18"": ""Mohammad Wasim"", ""19"": ""Mohammad Amir"", ""20"": ""Mohammad Wasim""}",8.7,9.54,26.6,31.5,FALSE
Quetta Gladiators,2025,"{""1"": ""Saud Shakeel"", ""2"": ""FH Allen"", ""3"": ""RR Rossouw"", ""4"": ""Hassan Nawaz"", ""5"": ""MS Chapman"", ""6"": ""LD Chandimal"", ""7"": ""Faheem Ashraf"", ""8"": ""Mohammad Wasim""}",16.7,27.3,155.3,134.1,166.8,8.75,9.63,5.86,9.8,7.43,8.93,37.5,62.5,"{""1"": ""Mohammad Amir"", ""2"": ""Khurram Shahzad"", ""3"": ""Mohammad Amir"", ""4"": ""Abrar Ahmed"", ""5"": ""Mohammad Wasim"", ""6"": ""Abrar Ahmed"", ""7"": ""Usman Tariq"", ""8"": ""Faheem Ashraf"", ""9"": ""Usman Tariq"", ""10"": ""Faheem Ashraf"", ""11"": ""Usman Tariq"", ""12"": ""Abrar Ahmed"", ""13"": ""Abrar Ahmed"", ""14"": ""Khurram Shahzad"", ""15"": ""Abrar Ahmed"", ""16"": ""Mohammad Amir"", ""17"": ""Mohammad Amir"", ""18"": ""Khurram Shahzad"", ""19"": ""Mohammad Amir"", ""20"": ""Faheem Ashraf""}",8.46,10.06,41.5,34.1,FALSE
Rawalpindiz,0,"{""1"": ""Mohammad Rizwan"", ""2"": ""Jake Fraser-McGurk"", ""3"": ""Daryl Mitchell"", ""4"": ""Sam Billings"", ""5"": ""Laurie Evans"", ""6"": ""Kamran Ghulam"", ""7"": ""Amad Butt"", ""8"": ""Fawad Ali""}",16.7,50,132,126,155,8,8,8,8,8,8,50,50,"{""1"": ""Naseem Shah"", ""2"": ""Mohammad Amir"", ""3"": ""Zaman Khan"", ""4"": ""Naseem Shah"", ""5"": ""Rishad Hossain"", ""6"": ""Mohammad Amir"", ""7"": ""Rishad Hossain"", ""8"": ""Amad Butt"", ""9"": ""Rishad Hossain"", ""10"": ""Amad Butt"", ""11"": ""Rishad Hossain"", ""12"": ""Amad Butt"", ""13"": ""Rishad Hossain"", ""14"": ""Amad Butt"", ""15"": ""Rishad Hossain"", ""16"": ""Naseem Shah"", ""17"": ""Naseem Shah"", ""18"": ""Mohammad Amir"", ""19"": ""Naseem Shah"", ""20"": ""Zaman Khan""}",8,10,55,20,TRUE
Hyderabad Kingsmen,0,"{""1"": ""Kusal Perera"", ""2"": ""Sharjeel Khan"", ""3"": ""Saim Ayub"", ""4"": ""Marnus Labuschagne"", ""5"": ""Muhammad Irfan Khan"", ""6"": ""Hammad Azam"", ""7"": ""Rizwan Mehmood"", ""8"": ""Tayyab Arif""}",33.3,50,130,124,152,8,8,8,8,8,8,50,50,"{""1"": ""Akif Javed"", ""2"": ""Usman Khan"", ""3"": ""Akif Javed"", ""4"": ""Mohammad Ali"", ""5"": ""Ottniel Baartman"", ""6"": ""Riley Meredith"", ""7"": ""Marnus Labuschagne"", ""8"": ""Marnus Labuschagne"", ""9"": ""Hammad Azam"", ""10"": ""Marnus Labuschagne"", ""11"": ""Hammad Azam"", ""12"": ""Marnus Labuschagne"", ""13"": ""Hammad Azam"", ""14"": ""Rizwan Mehmood"", ""15"": ""Hammad Azam"", ""16"": ""Akif Javed"", ""17"": ""Usman Khan"", ""18"": ""Mohammad Ali"", ""19"": ""Akif Javed"", ""20"": ""Riley Meredith""}",8,10,50,20,TRUE
