player_name,current_team_2026,batting_style,bowling_style,primary_role,nationality,is_overseas,is_active,last_psl_season,psl_seasons_played,t20_career_sr,t20_career_avg,t20_career_economy,data_tier,ipl_matches,ipl_career_sr,ipl_career_avg,ipl_career_economy,national_t20_economy,national_t20_sr,national_t20_matches,bat_sr_set,bat_sr_chase,innings_sr_delta,bowl_dot_pct,bowl_dot_pct_source,is_emerging,vs_pak_bat_sr,vs_pak_bowl_econ,vs_ind_bat_sr,vs_ind_bowl_econ,vs_sl_bat_sr,vs_sl_bowl_econ,vs_ban_bat_sr,vs_ban_bowl_econ,vs_afg_bat_sr,vs_afg_bowl_econ,psl_matches,psl_career_sr,psl_career_avg,psl_career_economy,bpl_matches,bpl_career_sr,bpl_career_avg,bpl_career_economy,lpl_matches,lpl_career_sr,lpl_career_avg,lpl_career_economy,typical_bat_position,bowl_phase,bat_pos1_matches,bat_pos1_sr,bat_pos1_avg,bat_pos2_matches,bat_pos2_sr,bat_pos2_avg,bat_pos3_matches,bat_pos3_sr,bat_pos3_avg,bat_pos4_matches,bat_pos4_sr,bat_pos4_avg,bat_pos5_matches,bat_pos5_sr,bat_pos5_avg,bat_pos6_matches,bat_pos6_sr,bat_pos6_avg,bat_pos7_matches,bat_pos7_sr,bat_pos7_avg,bat_pos8plus_matches,bat_pos8plus_sr,bat_pos8plus_avg,t20_career_innings,t20_career_runs
Abdullah Shafique,Lahore Qalandars,Right-hand bat,Right-arm off-break,Batsman,Pakistan,False,True,2026.0,4,130.2,28.4,0.0,1,0.0,0.0,0.0,0.0,0.0,0.0,0.0,146.47,124.2,22.27,,,False,,,,,,,,,,,,,,,,,,,,,,,,,,,,,,,,,,,,,,,,,,,,,,,,,,
Shaheen Shah Afridi,Lahore Qalandars,Left-hand bat,Left-arm fast,Bowler,Pakistan,False,True,2026.0,7,110.0,12.0,7.8,1,0.0,0.0,0.0,0.0,0.0,0.0,0.0,137.6,113.4,24.2,38.4,pre_existing,False,,,,,,,,,,,,,,,,,,,,,,,,,,,,,,,,,,,,,,,,,,,,,,,,,,
Fakhar Zaman,Lahore Qalandars,Left-hand bat,Right-arm off-break,Batsman,Pakistan,False,True,2026.0,7,141.5,32.1,0.0,1,0.0,0.0,0.0,0.0,0.0,0.0,0.0,133.1,134.3,-1.2,45.0,psl_ballbyball,False,,,,,,,,,,,,,,,,,,,,,,,,,,,,,,,,,,,,,,,,,,,,,,,,,,
Haris Rauf,Lahore Qalandars,Right-hand bat,Right-arm fast,Bowler,Pakistan,False,True,2026.0,6,118.0,10.0,8.9,1,0.0,0.0,0.0,0.0,0.0,0.0,0.0,120.7,84.8,35.9,31.8,pre_existing,False,,,,,,,,,,,,,,,,,,,,,,,,,,,,,,,,,,,,,,,,,,,,,,,,,,
Usama Mir,Lahore Qalandars,Right-hand bat,Right-arm leg-break,Bowler,Pakistan,False,True,2026.0,4,110.0,10.0,7.6,1,0.0,0.0,0.0,0.0,0.0,0.0,0.0,140.0,131.03,8.97,30.0,pre_existing,False,,,,,,,,,,,,,,,,,,,,,,,,,,,,,,,,,,,,,,,,,,,,,,,,,,
Sikandar Raza,Lahore Qalandars,Right-hand bat,Right-arm off-break,All-rounder,Zimbabwe,True,True,2026.0,5,136.07,25.8,7.31,1,16.0,133.8,20.22,8.0,0.0,0.0,0.0,143.7,126.4,17.3,29.6,pre_existing,False,112.5,7.83,115.47,7.63,138.34,5.88,120.22,7.76,135.39,6.54,35.0,157.69,27.95,8.0,26.0,135.81,24.94,7.69,7.0,110.14,10.85,8.19,5.0,middle,13.0,153.9,45.46,14.0,120.43,24.0,15.0,126.63,20.84,92.0,140.28,28.71,106.0,130.76,23.76,61.0,130.47,19.4,19.0,154.15,32.84,5.0,150.0,24.0,,
Mustafizur Rahman,Lahore Qalandars,Right-hand bat,Left-arm fast-medium,Bowler,Bangladesh,True,True,2026.0,3,73.7,6.13,7.41,1,60.0,0.0,0.0,8.13,,,,43.8,84.3,-40.5,37.7,pre_existing,False,,6.84,,9.34,,8.22,,,,7.38,6.0,24.0,24.4,6.1,92.0,16.4,19.53,7.11,4.0,18.0,33.2,11.06,11.0,middle_death,,,,,,,,,,,,,,,,,,,,,,89.0,73.7,6.13,,
Mohammad Naeem,Lahore Qalandars,Left-hand bat,Right-arm off-break,Batsman,Pakistan,False,True,2026.0,5,127.0,22.0,0.0,1,0.0,0.0,0.0,0.0,0.0,0.0,0.0,131.7,124.9,6.8,,,False,,,,,,,,,,,,,,,,,,,,,,,,,,,,,,,,,,,,,,,,,,,,,,,,,,
Asif Ali,Lahore Qalandars,Right-hand bat,Right-arm medium,Batsman,Pakistan,False,True,2026.0,7,164.0,18.0,0.0,1,0.0,0.0,0.0,0.0,0.0,0.0,0.0,132.8,134.0,-1.2,37.0,pre_existing,False,,,,,,,,,,,,,,,,,,,,,,,,,,,,,,,,,,,,,,,,,,,,,,,,,,
Hussain Talat,Lahore Qalandars,Left-hand bat,Left-arm orthodox,All-rounder,Pakistan,False,True,2026.0,7,119.0,21.0,7.8,1,0.0,0.0,0.0,0.0,0.0,0.0,0.0,110.4,118.3,-7.9,24.3,pre_existing,False,,,,,,,,,,,,,,,,,,,,,,,,,,,,,,,,,,,,,,,,,,,,,,,,,,
Tayyab Tahir,Lahore Qalandars,Right-hand bat,Right-arm off-break,Batsman,Pakistan,False,True,2026.0,3,136.0,24.0,0.0,1,0.0,0.0,0.0,0.0,0.0,0.0,0.0,146.7,133.33,13.37,,,False,,,,,,,,,,,,,,,,,,,,,,,,,,,,,,,,,,,,,,,,,,,,,,,,,,
Ubaid Shah,Lahore Qalandars,Right-hand bat,Right-arm fast-medium,Bowler,Pakistan,False,True,2026.0,2,80.0,6.0,8.4,1,0.0,0.0,0.0,0.0,0.0,0.0,0.0,26.67,80.95,-54.28,36.6,psl_ballbyball,True,,,,,,,,,,,,,,,,,,,,,,,,,,,,,,,,,,,,,,,,,,,,,,,,,,
Mohammad Farooq,Lahore Qalandars,Right-hand bat,Right-arm fast-medium,Bowler,Pakistan,False,True,2026.0,2,75.0,5.0,8.8,1,0.0,0.0,0.0,0.0,0.0,0.0,0.0,53.0,58.6,-5.6,34.0,player_stats_parquet,True,,,,,,,,,,,,,,,,,,,,,,,,,,,,,,,,,,,,,,,,,,,,,,,,,,
Dasun Shanaka,Lahore Qalandars,Right-hand bat,Right-arm medium,All-rounder,Sri Lanka,True,True,2026.0,1,143.13,25.83,8.82,1,3.0,100.0,8.67,,,,,126.9,130.0,-3.1,26.0,pre_existing,False,152.43,8.41,142.58,7.8,,,146.26,8.55,131.81,8.41,2.0,103.84,27.0,11.0,16.0,145.85,24.0,9.88,44.0,150.66,24.81,9.06,6.0,death,,,,,,,2.0,188.46,24.5,36.0,167.14,37.07,64.0,152.88,32.95,100.0,131.81,21.33,40.0,120.68,18.66,15.0,140.12,20.63,,
Parvez Hussain Emon,Lahore Qalandars,Right-hand bat,Right-arm medium,Batsman,Bangladesh,True,True,2026.0,1,128.43,25.18,,1,,,,,,,,139.6,123.0,16.6,,,False,145.54,,93.15,,126.66,,,,120.68,,1.0,107.69,14.0,,33.0,127.96,28.36,,,,,,2.0,,23.0,124.73,20.6,47.0,128.61,25.84,13.0,131.77,23.5,7.0,133.33,49.6,1.0,0.0,0.0,,,,,,,,,,,
Haseebullah Khan,Lahore Qalandars,Right-hand bat,none,WK-Batsman,Pakistan,False,True,2026.0,3,125.0,18.0,0.0,1,0.0,0.0,0.0,0.0,0.0,0.0,0.0,109.1,116.67,-7.57,,,False,,,,,,,,,,,,,,,,,,,,,,,,,,,,,,,,,,,,,,,,,,,,,,,,,,
Babar Azam,Peshawar Zalmi,Right-hand bat,Right-arm off-break,Batsman,Pakistan,False,True,2026.0,9,130.5,38.5,0.0,1,0.0,0.0,0.0,0.0,0.0,0.0,0.0,129.5,126.8,2.7,,,False,,,,,,,,,,,,,,,,,,,,,,,,,,,,,,,,,,,,,,,,,,,,,,,,,,
Mohammad Haris,Peshawar Zalmi,Right-hand bat,Right-arm medium,WK-Batsman,Pakistan,False,True,2026.0,4,152.0,24.0,0.0,1,0.0,0.0,0.0,0.0,0.0,0.0,0.0,121.2,180.6,-59.4,,,False,,,,,,,,,,,,,,,,,,,,,,,,,,,,,,,,,,,,,,,,,,,,,,,,,,
Iftikhar Ahmed,Peshawar Zalmi,Right-hand bat,Right-arm off-break,All-rounder,Pakistan,False,True,2026.0,8,144.0,26.0,8.2,1,0.0,0.0,0.0,0.0,0.0,0.0,0.0,131.3,130.6,0.7,26.1,pre_existing,False,,,,,,,,,,,,,,,,,,,,,,,,,,,,,,,,,,,,,,,,,,,,,,,,,,
James Vince,Peshawar Zalmi,Right-hand bat,Right-arm medium,Batsman,England,True,True,2026.0,5,135.71,31.87,0.0,1,90.0,135.29,29.4,0.0,0.0,0.0,0.0,140.7,133.5,7.2,,,False,121.96,,122.22,,114.28,,82.5,,122.22,,56.0,139.35,29.69,,1.0,14.28,1.0,,,,,,2.0,none,94.0,138.66,28.29,191.0,139.67,36.36,158.0,129.07,28.96,14.0,127.23,29.72,1.0,153.57,43.0,,,,,,,,,,,
Aamir Jamal,Peshawar Zalmi,Right-hand bat,Right-arm fast-medium,All-rounder,Pakistan,False,True,2026.0,3,118.0,18.0,8.6,1,0.0,0.0,0.0,0.0,0.0,0.0,0.0,125.5,115.0,10.5,33.2,psl_ballbyball,False,,,,,,,,,,,,,,,,,,,,,,,,,,,,,,,,,,,,,,,,,,,,,,,,,,
Abdul Samad,Peshawar Zalmi,Right-hand bat,Right-arm leg-break,All-rounder,India,False,True,2026.0,1,149.48,17.28,8.8,1,63.0,145.0,19.5,0.0,4.22,98.8,4.0,79.2,124.3,-45.1,57.4,pre_existing,False,,,,,,,,,,,,,,,,,,,,,,,,,,,,,,,,,,,,,,,,,,,,,,,,,28,432
Aaron Hardie,Peshawar Zalmi,Right-hand bat,Right-arm medium,All-rounder,Australia,True,True,2026.0,1,132.59,27.39,8.77,1,0.0,0.0,0.0,0.0,8.6,136.0,28.0,154.3,113.5,40.8,39.3,pre_existing,False,121.73,5.25,96.77,9.54,,,,,,,1.0,,,,,,,,,,,,3.0,middle_death,1.0,100.0,34.0,1.0,133.33,16.0,36.0,129.32,30.43,10.0,144.0,28.0,7.0,130.64,40.5,13.0,146.76,20.4,14.0,127.46,20.5,2.0,233.33,,85,1863
Sufyan Moqim,Peshawar Zalmi,Right-hand bat,Right-arm leg-break,Bowler,Afghanistan,False,True,2026.0,1,84.5,5.45,6.73,1,0.0,0.0,0.0,0.0,0.0,0.0,0.0,56.6,62.5,-5.9,36.0,player_stats_parquet,False,,,,,,,,,,,,,,,,,,,,,,,,,,,,,,,,,,,,,,,,,,,,,,,,,25,60
Khuram Shahzad,Peshawar Zalmi,Right-hand bat,Right-arm fast,Bowler,Pakistan,False,True,2026.0,3,85.0,6.0,8.6,1,0.0,0.0,0.0,0.0,0.0,0.0,0.0,60.1,66.4,-6.3,42.6,psl_ballbyball,False,,,,,,,,,,,,,,,,,,,,,,,,,,,,,,,,,,,,,,,,,,,,,,,,,,
Ali Raza,Peshawar Zalmi,Left-hand bat,Left-arm orthodox,All-rounder,Pakistan,False,True,2026.0,4,120.0,18.0,8.0,1,0.0,0.0,0.0,0.0,0.0,0.0,0.0,127.7,117.0,10.7,35.9,psl_ballbyball,False,,,,,,,,,,,,,,,,,,,,,,,,,,,,,,,,,,,,,,,,,,,,,,,,,,
Khalid Usman,Peshawar Zalmi,Left-hand bat,Left-arm orthodox,Bowler,Pakistan,False,True,2026.0,6,95.0,10.0,7.2,1,0.0,0.0,0.0,0.0,0.0,0.0,0.0,172.73,104.35,68.38,33.3,psl_ballbyball,False,,,,,,,,,,,,,,,,,,,,,,,,,,,,,,,,,,,,,,,,,,,,,,,,,,
Michael Bracewell,Peshawar Zalmi,Right-hand bat,Right-arm off-break,All-rounder,New Zealand,True,True,2026.0,1,135.95,26.64,8.25,1,5.0,123.4,29.0,8.64,7.6,130.0,32.0,137.5,126.1,11.4,32.2,pre_existing,False,133.0,7.37,71.87,5.77,139.39,8.7,,6.62,,,8.0,,,,,,,,,,,,7.0,powerplay_middle,,,,,,,1.0,109.52,23.0,,,,5.0,158.22,41.66,10.0,99.0,9.9,14.0,150.81,23.0,1.0,150.0,,172,3490
Kusal Mendis,Peshawar Zalmi,Right-hand bat,Right-arm off-break,WK-Batsman,Sri Lanka,True,True,2026.0,1,136.07,29.83,8.02,1,0.0,0.0,0.0,0.0,8.02,152.0,75.0,130.9,124.9,6.0,28.6,pre_existing,False,124.69,,139.65,,,,156.35,,135.76,,8.0,168.23,35.75,,,,,,47.0,136.49,32.44,,2.0,none,18.0,155.15,48.64,122.0,136.09,30.13,33.0,129.16,27.16,19.0,111.21,18.78,5.0,143.39,19.0,2.0,60.0,1.5,1.0,218.75,,,,,201,5579
Abdul Subhan,Peshawar Zalmi,Right-hand bat,Right-arm medium,Bowler,Pakistan,False,True,2026.0,1,80.0,5.0,8.8,1,0.0,0.0,0.0,0.0,0.0,0.0,0.0,56.6,62.5,-5.9,32.0,player_stats_parquet,True,,,,,,,,,,,,,,,,,,,,,,,,,,,,,,,,,,,,,,,,,,,,,,,,,,
Mirza Tahir Baig,Peshawar Zalmi,Right-hand bat,none,WK-Batsman,Pakistan,False,True,2026.0,1,122.7,27.43,0.0,1,0.0,0.0,0.0,0.0,0.0,0.0,0.0,122.4,116.1,6.3,,,True,,,,,,,,,,,,,,,,,,,,,,,,,,,,,,,,,,,,,,,,,,,,,,,,,42,1070
Kashif Ali,Peshawar Zalmi,Right-hand bat,Right-arm medium,Batsman,Pakistan,False,True,2026.0,2,125.0,18.0,0.0,1,0.0,0.0,0.0,0.0,0.0,0.0,0.0,129.6,123.0,6.6,,,True,,,,,,,,,,,,,,,,,,,,,,,,,,,,,,,,,,,,,,,,,,,,,,,,,,
Mohammad Rizwan,Rawalpindiz,Right-hand bat,Right-arm medium,WK-Batsman,Pakistan,False,True,2026.0,8,133.0,38.0,0.0,1,0.0,0.0,0.0,0.0,0.0,0.0,0.0,130.1,121.7,8.4,,,False,,,,,,,,,,,,,,,,,,,,,,,,,,,,,,,,,,,,,,,,,,,,,,,,,,
Naseem Shah,Rawalpindiz,Right-hand bat,Right-arm fast,Bowler,Pakistan,False,True,2026.0,5,88.0,8.0,8.6,1,0.0,0.0,0.0,0.0,0.0,0.0,0.0,91.7,109.1,-17.4,38.9,pre_existing,False,,,,,,,,,,,,,,,,,,,,,,,,,,,,,,,,,,,,,,,,,,,,,,,,,,
Daryl Mitchell,Rawalpindiz,Right-hand bat,Right-arm medium,All-rounder,New Zealand,True,True,2026.0,1,136.89,30.6,9.5,1,15.0,131.4,27.0,0.0,0.0,144.0,45.0,145.6,133.4,12.2,31.0,player_stats_parquet,False,145.49,10.1,148.44,10.17,130.41,,118.18,,,,10.0,156.21,26.4,10.1,,,,,,,,,4.0,middle_death,,,,11.0,132.97,25.0,22.0,134.4,31.45,76.0,141.78,32.07,76.0,134.19,32.63,42.0,136.57,26.13,10.0,125.23,26.8,2.0,133.33,,,
Sam Billings,Rawalpindiz,Right-hand bat,Right-arm off-break,WK-Batsman,England,True,True,2026.0,2,133.36,24.04,0.0,1,30.0,129.63,19.35,0.0,0.0,0.0,0.0,138.3,131.2,7.1,,,False,144.73,,170.0,,81.25,,93.05,,,,30.0,144.88,26.4,,3.0,93.05,22.33,,,,,,4.0,none,6.0,102.75,24.83,23.0,132.18,22.59,19.0,122.84,17.26,170.0,131.04,26.75,98.0,141.54,23.63,45.0,141.91,21.54,10.0,125.0,10.0,1.0,50.0,1.0,372,7526
Mohammad Amir,Rawalpindiz,Left-hand bat,Left-arm fast-medium,Bowler,Pakistan,False,True,2026.0,8,95.0,8.0,8.2,1,0.0,0.0,0.0,0.0,0.0,0.0,0.0,87.7,139.56,-51.86,41.7,pre_existing,False,,,,,,,,,,,,,,,,,,,,,,,,,,,,,,,,,,,,,,,,,,,,,,,,,,
Rishad Hossain,Rawalpindiz,Right-hand bat,Right-arm leg-break,Bowler,Bangladesh,True,True,2026.0,1,134.43,10.15,8.21,1,0.0,0.0,0.0,0.0,7.4,98.0,24.0,118.0,133.0,-15.0,32.2,pre_existing,False,131.81,10.13,143.75,13.13,150.0,6.95,,,133.33,8.05,8.0,95.83,5.75,9.25,16.0,191.66,23.0,8.72,,,,,8.0,death,,,,,,,,,,1.0,50.0,2.0,1.0,100.0,3.0,3.0,88.88,2.66,9.0,92.1,5.0,43.0,144.35,12.79,,
Cole McConchie,Rawalpindiz,Right-hand bat,Right-arm medium,All-rounder,New Zealand,True,True,2026.0,0,124.16,21.37,7.69,1,,,,,,,,132.1,121.0,11.1,33.0,role_avg_estimate,False,96.55,11.14,,,134.78,6.66,114.28,6.44,,,,,,,,,,,,,,,4.0,middle_death,,,,,,,2.0,62.5,5.0,57.0,132.21,24.05,28.0,111.51,19.78,7.0,113.67,22.16,6.0,137.87,45.5,13.0,112.04,8.45,,
Yasir Khan,Rawalpindiz,Right-hand bat,Right-arm leg-break,Bowler,Pakistan,False,True,2026.0,3,85.0,6.0,7.8,1,0.0,0.0,0.0,0.0,0.0,0.0,0.0,150.48,128.87,21.61,34.7,role_avg_estimate,False,,,,,,,,,,,,,,,,,,,,,,,,,,,,,,,,,,,,,,,,,,,,,,,,,,
Abdullah Fazal,Rawalpindiz,Right-hand bat,Right-arm fast,Bowler,Pakistan,False,True,2026.0,2,80.0,5.0,9.0,1,0.0,0.0,0.0,0.0,0.0,0.0,0.0,56.6,62.5,-5.9,32.0,player_stats_parquet,True,,,,,,,,,,,,,,,,,,,,,,,,,,,,,,,,,,,,,,,,,,,,,,,,,,
Amad Butt,Rawalpindiz,Right-hand bat,Right-arm off-break,All-rounder,Pakistan,False,True,2026.0,3,118.0,16.0,7.8,1,0.0,0.0,0.0,0.0,0.0,0.0,0.0,152.94,115.0,37.94,30.2,psl_ballbyball,False,,,,,,,,,,,,,,,,,,,,,,,,,,,,,,,,,,,,,,,,,,,,,,,,,,
Dian Forrestor,Rawalpindiz,Left-hand bat,Left-arm fast-medium,All-rounder,South Africa,True,True,2026.0,1,134.88,34.31,8.7,1,0.0,0.0,0.0,0.0,8.8,107.79,5.0,143.5,131.5,12.0,30.0,player_stats_parquet,False,,,,,,,,,,,,,,,,,,,,,,,5.0,powerplay_middle,,,,,,,2.0,125.0,5.0,6.0,136.13,32.4,7.0,138.63,122.0,6.0,125.64,24.5,6.0,134.61,11.66,,,,,
Laurie Evans,Rawalpindiz,Right-hand bat,Right-arm medium,Batsman,England,True,True,2026.0,1,139.04,29.36,0.0,1,0.0,0.0,0.0,0.0,0.0,0.0,0.0,144.2,136.8,7.4,,,False,,,,,,,,,,,9.0,88.79,11.44,,15.0,130.69,31.76,,8.0,170.0,57.8,,,,,,,,,,,,,,,,,,,,,,,,,,,,318,7400
Asif Afridi,Rawalpindiz,Right-hand bat,Right-arm leg-break,Bowler,Pakistan,False,True,2026.0,3,85.0,6.0,7.6,1,0.0,0.0,0.0,0.0,0.0,0.0,0.0,87.5,50.0,37.5,44.5,psl_ballbyball,False,,,,,,,,,,,,,,,,,,,,,,,,,,,,,,,,,,,,,,,,,,,,,,,,,,
Kamran Ghulam,Rawalpindiz,Right-hand bat,Right-arm off-break,Batsman,Pakistan,False,True,2026.0,4,126.0,22.0,0.0,1,0.0,0.0,0.0,0.0,0.0,0.0,0.0,125.78,119.89,5.89,37.0,player_stats_parquet,False,,,,,,,,,,,,,,,,,,,,,,,,,,,,,,,,,,,,,,,,,,,,,,,,,,
Fawad Ali,Rawalpindiz,Right-hand bat,none,Batsman,Pakistan,False,True,2026.0,2,120.0,18.0,0.0,1,0.0,0.0,0.0,0.0,0.0,0.0,0.0,124.4,118.1,6.3,31.9,psl_ballbyball,True,,,,,,,,,,,,,,,,,,,,,,,,,,,,,,,,,,,,,,,,,,,,,,,,,,
Mohammad Amir Khan,Rawalpindiz,Right-hand bat,Right-arm fast,Bowler,Pakistan,False,True,2026.0,1,80.0,5.0,9.2,1,0.0,0.0,0.0,0.0,0.0,0.0,0.0,77.78,62.5,15.3,27.4,psl_ballbyball,True,,,,,,,,,,,,,,,,,,,,,,,,,,,,,,,,,,,,,,,,,,,,,,,,,,
Shahzaib Khan,Rawalpindiz,Left-hand bat,none,Batsman,Pakistan,False,True,2026.0,1,114.36,23.00,0.0,2,0.0,0.0,0.0,0.0,0.0,0.0,0.0,129.6,123.0,6.6,,,True,,,,,,,,,,,,,,,,,,,,,,,,,,,,,,,,,,,,,,,,,,,,,,,,,10,207
Moeen Ali,Karachi Kings,Left-hand bat,Right-arm off-break,All-rounder,England,True,True,2026.0,2,136.46,23.61,7.54,1,73.0,140.0,22.02,7.22,0.0,0.0,0.0,145.2,133.0,12.2,36.0,player_stats_parquet,False,145.91,8.33,131.34,9.38,138.46,8.44,94.11,6.83,113.95,8.5,10.0,,,9.06,29.0,,,7.44,,,,,6.0,middle_death,,,,,,,12.0,122.89,18.54,13.0,139.64,19.66,13.0,163.97,18.58,20.0,151.68,28.92,16.0,131.14,20.0,1.0,33.33,1.0,,
Hasan Ali,Karachi Kings,Right-hand bat,Right-arm fast-medium,Bowler,Pakistan,False,True,2026.0,8,110.0,12.0,8.6,1,0.0,0.0,0.0,0.0,0.0,0.0,0.0,160.3,200.0,-39.7,31.5,pre_existing,False,,,,,,,,,,,,,,,,,,,,,,,,,,,,,,,,,,,,,,,,,,,,,,,,,,
David Warner,Karachi Kings,Left-hand bat,Right-arm leg-break,Batsman,Australia,True,True,2026.0,2,140.68,37.1,0.0,1,184.0,139.77,40.52,0.0,0.0,142.47,110.0,145.9,138.4,7.5,30.0,player_stats_parquet,False,138.81,,141.25,,140.12,,146.15,,107.69,,12.0,154.4,33.58,,7.0,131.17,37.16,,,,,,1.0,,236.0,140.0,36.36,152.0,143.88,38.62,13.0,118.78,26.0,24.0,137.32,45.31,,,,,,,,,,7.0,128.87,20.83,,
Azam Khan,Karachi Kings,Right-hand bat,Right-arm off-break,WK-Batsman,Pakistan,False,True,2026.0,6,144.0,22.0,0.0,1,0.0,0.0,0.0,0.0,0.0,0.0,0.0,150.96,167.3,-16.34,,,False,,,,,,,,,,,,,,,,,,,,,,,,,,,,,,,,,,,,,,,,,,,,,,,,,,
Khushdil Shah,Karachi Kings,Left-hand bat,Left-arm orthodox,All-rounder,Pakistan,False,True,2026.0,6,140.0,22.0,8.0,1,0.0,0.0,0.0,0.0,0.0,0.0,0.0,95.9,119.5,-23.6,35.1,pre_existing,False,,,,,,,,,,,,,,,,,,,,,,,,,,,,,,,,,,,,,,,,,,,,,,,,,,
Salman Ali Agha,Karachi Kings,Right-hand bat,Right-arm off-break,All-rounder,Pakistan,False,True,2026.0,5,132.0,24.0,8.2,1,0.0,0.0,0.0,0.0,0.0,0.0,0.0,140.4,128.6,11.8,35.0,player_stats_parquet,False,,,,,,,,,,,,,,,,,,,,,,,,,,,,,,,,,,,,,,,,,,,,,,,,,,
Mohammad Abbas Afridi,Karachi Kings,Right-hand bat,Right-arm fast,Bowler,Pakistan,False,True,2026.0,4,95.0,8.0,9.0,1,0.0,0.0,0.0,0.0,0.0,0.0,0.0,67.2,74.2,-7.0,33.0,player_stats_parquet,False,,,,,,,,,,,,,,,,,,,,,,,,,,,,,,,,,,,,,,,,,,,,,,,,,,
Adam Zampa,Karachi Kings,Right-hand bat,Right-arm leg-break,Bowler,Australia,True,True,2026.0,1,84.26,5.92,7.48,1,22.0,0.0,0.0,8.38,7.27,77.8,4.0,82.8,75.4,7.4,29.0,pre_existing,False,,6.68,,7.58,,6.03,,5.92,,6.25,1.0,24.0,26.0,6.5,,,,,,,,,10.0,middle_death,,,,,,,,,,,,,,,,,,,,,,101.0,84.26,5.93,,
Mir Hamza,Karachi Kings,Right-hand bat,Left-arm fast-medium,Bowler,Pakistan,False,True,2026.0,5,80.0,6.0,8.8,1,0.0,0.0,0.0,0.0,0.0,0.0,0.0,50.0,117.65,-67.65,39.2,psl_ballbyball,False,,,,,,,,,,,,,,,,,,,,,,,,,,,,,,,,,,,,,,,,,,,,,,,,,,
Saad Baig,Karachi Kings,Left-hand bat,Left-arm orthodox,All-rounder,Pakistan,False,True,2026.0,3,120.0,18.0,8.2,1,0.0,0.0,0.0,0.0,0.0,0.0,0.0,110.71,134.48,-23.77,33.0,role_avg_estimate,False,,,,,,,,,,,,,,,,,,,,,,,,,,,,,,,,,,,,,,,,,,,,,,,,,,
Shahid Aziz,Karachi Kings,Right-hand bat,Right-arm fast,Bowler,Pakistan,False,True,2026.0,2,80.0,5.0,9.4,1,0.0,0.0,0.0,0.0,0.0,0.0,0.0,187.5,62.5,125.0,29.6,player_stats_parquet,True,,,,,,,,,,,,,,,,,,,,,,,,,,,,,,,,,,,,,,,,,,,,,,,,,,
Johnson Charles,Karachi Kings,Right-hand bat,Right-arm medium,WK-Batsman,West Indies,True,True,2026.0,1,133.36,26.84,,1,,,,,,,,138.3,131.2,7.1,,,False,81.69,,163.24,,84.84,,135.71,,135.0,,18.0,153.71,29.0,,34.0,142.22,31.24,,6.0,136.73,26.8,,1.0,,139.0,121.57,25.52,133.0,140.5,27.72,28.0,159.78,27.1,19.0,141.48,35.46,6.0,122.53,14.5,,,,,,,,,,,
Hamza Sohail,Karachi Kings,Right-hand bat,Right-arm medium,Batsman,Pakistan,False,True,2026.0,2,122.0,18.0,0.0,1,0.0,0.0,0.0,0.0,0.0,0.0,0.0,126.5,120.0,6.5,,,True,,,,,,,,,,,,,,,,,,,,,,,,,,,,,,,,,,,,,,,,,,,,,,,,,,
Aqib Ilyas,Karachi Kings,Right-hand bat,Right-arm off-break,All-rounder,Pakistan,False,True,2026.0,3,126.0,20.0,8.4,1,0.0,0.0,0.0,0.0,0.0,0.0,0.0,112.2,126.9,-14.7,36.1,pre_existing,False,,,,,,,,,,,,,,,,,,,,,,,,,,,,,,,,,,,,,,,,,,,,,,,,,,
Khuzaima Bin Tanveer,Karachi Kings,Right-hand bat,Right-arm fast,Bowler,Pakistan,True,True,2026.0,1,191.83,23.5,7.89,1,,,,,,,,135.6,149.8,-14.2,31.0,player_stats_parquet,False,,,,,,,,,,,,,,,,,,,,,,,9.0,middle_death,,,,,,,,,,,,,,,,,,,,,,7.0,191.83,23.5,,
Muhammad Waseem,Karachi Kings,Right-hand bat,Right-arm medium,Batsman,UAE,True,True,2026.0,1,147.63,34.27,,1,,,,,,,,153.1,145.2,7.9,,,False,126.92,,86.36,,50.0,,150.84,,150.18,,1.0,0.0,0.0,,5.0,147.65,47.25,,6.0,151.92,31.6,,2.0,,57.0,145.87,32.69,81.0,148.63,35.69,5.0,155.78,37.0,1.0,25.0,1.0,,,,,,,,,,,,,,
Ihsanullah,Karachi Kings,Right-hand bat,Right-arm fast,Bowler,Pakistan,False,True,2026.0,3,90.0,6.0,9.0,1,0.0,0.0,0.0,0.0,0.0,0.0,0.0,63.6,70.3,-6.7,30.8,pre_existing,False,,,,,,,,,,,,,,,,,,,,,,,,,,,,,,,,,,,,,,,,,,,,,,,,,,
Rizwanullah,Karachi Kings,Right-hand bat,none,WK-Batsman,Pakistan,False,True,2026.0,1,118.0,16.0,0.0,1,0.0,0.0,0.0,0.0,0.0,0.0,0.0,122.4,116.1,6.3,,,True,,,,,,,,,,,,,,,,,,,,,,,,,,,,,,,,,,,,,,,,,,,,,,,,,,
Shadab Khan,Islamabad United,Right-hand bat,Right-arm leg-break,All-rounder,Pakistan,False,True,2026.0,8,137.16,19.01,7.59,1,,,,,,,,157.0,123.5,33.5,30.1,pre_existing,False,,,89.18,6.47,145.23,8.15,168.88,7.0,124.13,5.31,95.0,140.85,20.53,7.7,10.0,148.0,55.5,6.92,9.0,104.16,7.14,6.46,4.0,middle_death,,,,,,,13.0,126.82,17.33,48.0,141.34,22.29,47.0,137.58,20.77,47.0,142.58,20.0,40.0,130.84,18.1,44.0,129.45,11.52,,
Faheem Ashraf,Islamabad United,Right-hand bat,Right-arm fast-medium,All-rounder,Pakistan,False,True,2026.0,8,143.91,17.33,8.32,1,,,,,,,,137.7,142.2,-4.5,35.0,pre_existing,False,,,107.89,7.5,157.69,7.96,140.98,7.73,115.38,8.4,85.0,146.52,22.54,8.75,25.0,180.2,21.62,7.6,,,,,7.0,middle,,,,,,,,,,7.0,154.02,22.33,7.0,145.0,4.83,26.0,155.26,15.52,76.0,139.07,17.38,69.0,144.25,19.18,,
Imad Wasim,Islamabad United,Left-hand bat,Left-arm orthodox,All-rounder,Pakistan,False,True,2026.0,9,120.0,20.0,7.2,1,0.0,0.0,0.0,0.0,0.0,0.0,0.0,148.3,128.8,19.5,37.5,pre_existing,False,,,,,,,,,,,,,,,,,,,,,,,,,,,,,,,,,,,,,,,,,,,,,,,,,,
Devon Conway,Islamabad United,Left-hand bat,Right-arm medium,WK-Batsman,New Zealand,True,True,2026.0,1,129.05,39.62,0.0,1,23.0,141.28,48.63,0.0,0.0,128.6,69.0,134.5,117.8,16.7,,,False,112.55,,132.09,,25.0,,158.55,,104.76,,,,,,,,,,,,,,2.0,,11.0,137.25,25.45,36.0,120.8,33.1,5.0,166.41,72.66,9.0,129.67,53.16,1.0,112.5,27.0,1.0,66.66,2.0,,,,,,,,
Haider Ali,Islamabad United,Right-hand bat,Right-arm off-break,Batsman,Pakistan,False,True,2026.0,5,137.74,23.5,,1,,,,,,,,120.9,128.2,-7.3,41.5,pre_existing,False,,,50.0,,,,100.0,,33.33,,50.0,136.34,21.47,,23.0,139.13,24.0,,,,,,3.0,,5.0,92.68,7.6,17.0,128.1,20.64,63.0,138.26,28.34,32.0,137.86,23.38,22.0,157.77,23.66,23.0,133.0,17.12,8.0,144.7,20.5,2.0,73.68,7.0,,
Mohammad Wasim Jnr,Multan Sultans,Right-hand bat,Right-arm fast,Bowler,Pakistan,False,True,2026.0,5,100.0,8.0,9.0,1,0.0,0.0,0.0,0.0,0.0,0.0,0.0,67.9,83.3,-15.4,33.9,pre_existing,False,,,,,,,,,,,,,,,,,,,,,,,,,,,,,,,,,,,,,,,,,,,,,,,,,,
Mir Hamza Sajjad,Islamabad United,Right-hand bat,Left-arm fast,Bowler,Pakistan,False,True,2026.0,2,114.99,5.75,7.68,1,,,,,,,,81.3,89.8,-8.5,34.0,player_stats_parquet,True,,,,,,,,,,,,,,,,,,,,,,,,,,,,,,,,,,,,,,,,,,,,,,,,,,
Andries Gous,Islamabad United,Right-hand bat,Right-arm medium,WK-Batsman,South Africa,True,True,2026.0,1,138.62,31.35,0.0,1,0.0,0.0,0.0,0.0,0.0,148.0,22.0,142.7,142.9,-0.2,,,False,123.07,,57.14,,,,147.05,,,,7.0,144.89,28.4,,,,,,,,,,2.0,,6.0,90.69,13.0,61.0,148.16,37.96,34.0,134.17,29.96,5.0,88.88,13.33,4.0,107.14,20.0,1.0,100.0,2.0,2.0,22.22,1.0,,,,,
Mark Chapman,Islamabad United,Left-hand bat,Right-arm off-break,Batsman,New Zealand,True,True,2026.0,1,135.73,25.92,7.96,1,0.0,0.0,0.0,0.0,6.73,142.42,94.0,137.8,138.0,-0.2,31.8,pre_existing,False,161.7,,110.32,,122.91,,80.95,,111.81,,7.0,120.93,17.33,,,,,,8.0,141.5,45.0,,4.0,middle,,,,,,,,,,,,,,,,,,,,,,,,,,
Sameen Gul,Islamabad United,Right-hand bat,Right-arm fast,Bowler,Pakistan,False,True,2026.0,3,85.0,6.0,9.2,1,0.0,0.0,0.0,0.0,0.0,0.0,0.0,50.0,63.64,-13.64,39.2,psl_ballbyball,False,,,,,,,,,,,,,,,,,,,,,,,,,,,,,,,,,,,,,,,,,,,,,,,,,,
Sameer Minhas,Islamabad United,Right-hand bat,Right-arm fast-medium,Bowler,Pakistan,False,True,2026.0,2,80.0,5.0,9.0,1,0.0,0.0,0.0,0.0,0.0,0.0,0.0,56.6,62.5,-5.9,32.0,player_stats_parquet,True,,,,,,,,,,,,,,,,,,,,,,,,,,,,,,,,,,,,,,,,,,,,,,,,,,
Max Bryant,Islamabad United,Right-hand bat,Right-arm fast-medium,Batsman,Australia,True,True,2026.0,1,141.38,24.01,0.0,2,0.0,0.0,0.0,0.0,0.0,162.0,12.0,151.8,144.0,7.8,,,False,,,,,,,,,,,5.0,163.33,12.25,,,,,,,,,,5.0,,,,,,,,,,,,,,,,,,,,,,,,,,,
Richard Gleeson,Islamabad United,Right-hand bat,Right-arm fast,Bowler,England,True,True,2026.0,1,69.47,4.4,8.25,1,0.0,0.0,0.0,0.0,8.9,0.0,6.0,49.1,54.2,-5.1,38.0,player_stats_parquet,False,,8.66,,5.75,,,,,,,1.0,,,,3.0,,,8.59,,,,,11.0,powerplay,,,,,,,,,,,,,,,,,,,,,,34.0,69.47,4.4,,
Mohammad Hasnain,Islamabad United,Right-hand bat,Right-arm fast,Bowler,Pakistan,False,True,2026.0,6,90.0,6.0,9.4,1,0.0,0.0,0.0,0.0,0.0,0.0,0.0,92.59,37.5,55.09,34.6,pre_existing,False,,,,,,,,,,,,,,,,,,,,,,,,,,,,,,,,,,,,,,,,,,,,,,,,,,
Salman Irshad,Islamabad United,Right-hand bat,Right-arm fast,Bowler,Pakistan,False,True,2026.0,3,85.0,5.0,9.0,1,0.0,0.0,0.0,0.0,0.0,0.0,0.0,28.57,58.62,-30.05,27.8,psl_ballbyball,False,,,,,,,,,,,,,,,,,,,,,,,,,,,,,,,,,,,,,,,,,,,,,,,,,,
Mehran Mumtaz,Islamabad United,Right-hand bat,Right-arm off-break,All-rounder,Pakistan,False,True,2026.0,2,118.0,16.0,8.4,1,0.0,0.0,0.0,0.0,0.0,0.0,0.0,0.0,115.0,-115.0,35.1,psl_ballbyball,True,,,,,,,,,,,,,,,,,,,,,,,,,,,,,,,,,,,,,,,,,,,,,,,,,,
Dipendra Singh Airee,Islamabad United,Right-hand bat,Right-arm off-break,All-rounder,Nepal,True,True,2026.0,1,139.52,31.87,6.37,1,0.0,0.0,0.0,0.0,6.37,139.52,103.0,148.4,136.0,12.4,38.0,player_stats_parquet,False,,,213.33,7.75,,,80.64,6.28,,,,,,,,,,,,,,,4.0,middle,,,,,,,5.0,138.46,31.5,38.0,134.26,35.77,24.0,159.4,32.5,13.0,132.52,30.33,5.0,98.36,12.0,5.0,162.5,26.0,,
Abrar Ahmed,Quetta Gladiators,Right-hand bat,Right-arm leg-break,Bowler,Pakistan,False,True,2026.0,4,90.0,8.0,7.4,1,0.0,0.0,0.0,0.0,0.0,0.0,0.0,37.5,96.77,-59.27,36.3,pre_existing,False,,,,,,,,,,,,,,,,,,,,,,,,,,,,,,,,,,,,,,,,,,,,,,,,,,
Rilee Rossouw,Quetta Gladiators,Left-hand bat,Right-arm off-break,Batsman,South Africa,True,True,2026.0,5,145.52,29.67,0.0,1,22.0,153.5,23.65,0.0,0.0,0.0,0.0,150.9,143.2,7.7,,,False,116.66,,152.96,,155.12,,191.56,,,,96.0,146.22,32.21,,37.0,148.85,44.28,,11.0,173.66,43.22,,3.0,,17.0,136.8,24.62,64.0,133.56,24.98,150.0,161.92,38.24,110.0,127.8,23.03,25.0,134.78,26.35,9.0,136.7,18.0,,,,,,,,
Saud Shakeel,Quetta Gladiators,Left-hand bat,Right-arm off-break,Batsman,Pakistan,False,True,2026.0,4,118.0,30.0,0.0,1,0.0,0.0,0.0,0.0,0.0,0.0,0.0,133.52,127.82,5.7,27.8,psl_ballbyball,False,,,,,,,,,,,,,,,,,,,,,,,,,,,,,,,,,,,,,,,,,,,,,,,,,,
Tom Curran,Quetta Gladiators,Right-hand bat,Right-arm fast-medium,All-rounder,England,True,True,2026.0,3,145.67,21.35,8.82,1,13.0,118.69,25.4,10.84,0.0,0.0,0.0,155.1,142.1,13.0,34.0,player_stats_parquet,False,128.57,8.75,100.0,13.0,,10.0,,,,,9.0,190.9,10.5,8.8,,,,,,,,,7.0,death,1.0,186.36,41.0,3.0,82.85,9.66,2.0,120.0,18.0,9.0,121.89,20.87,11.0,159.37,14.57,39.0,152.33,18.8,59.0,155.5,25.88,45.0,134.0,20.2,170,2456
Jahandad Khan,Quetta Gladiators,Right-hand bat,Right-arm fast,Bowler,Pakistan,False,True,2026.0,3,85.0,6.0,8.8,1,0.0,0.0,0.0,0.0,0.0,0.0,0.0,85.3,130.0,-44.7,29.4,pre_existing,False,,,,,,,,,,,,,,,,,,,,,,,,,,,,,,,,,,,,,,,,,,,,,,,,,,
Bismillah Khan,Quetta Gladiators,Left-hand bat,none,WK-Batsman,Pakistan,False,True,2026.0,5,120.0,18.0,0.0,1,0.0,0.0,0.0,0.0,0.0,0.0,0.0,0.0,183.33,-183.33,,,False,,,,,,,,,,,,,,,,,,,,,,,,,,,,,,,,,,,,,,,,,,,,,,,,,,
Usman Tariq,Quetta Gladiators,Right-hand bat,Right-arm off-break,Batsman,Pakistan,False,True,2026.0,2,128.0,22.0,0.0,1,0.0,0.0,0.0,0.0,0.0,0.0,0.0,50.0,66.67,-16.67,26.0,pre_existing,True,,,,,,,,,,,,,,,,,,,,,,,,,,,,,,,,,,,,,,,,,,,,,,,,,,
Ben McDermott,Quetta Gladiators,Right-hand bat,none,WK-Batsman,Australia,True,True,2026.0,1,136.39,30.21,0.0,1,0.0,0.0,0.0,0.0,0.0,0.0,0.0,141.2,134.0,7.2,,,False,100.0,,116.3,,101.14,,82.6,,,,2.0,,,,,,,,3.0,153.62,106.0,,1.0,,61.0,140.84,28.77,42.0,137.48,26.65,25.0,142.47,34.56,53.0,130.07,35.9,10.0,139.55,26.71,7.0,88.88,11.2,3.0,108.0,27.0,,,,,
Sam Harper,Quetta Gladiators,Right-hand bat,none,WK-Batsman,Australia,True,True,2026.0,1,130.25,19.79,0.0,1,0.0,0.0,0.0,0.0,0.0,0.0,0.0,136.9,129.9,7.0,,,False,,,,,,,,,,,1.0,,,,,,,,,,,,1.0,,15.0,130.2,,11.0,152.6,,11.0,138.7,,,,,,,,,,,,,,,,,87,1623
Hasan Nawaz,Quetta Gladiators,Right-hand bat,Right-arm fast,Bowler,Pakistan,False,True,2026.0,3,85.0,6.0,9.0,1,0.0,0.0,0.0,0.0,0.0,0.0,0.0,60.1,66.4,-6.3,32.0,player_stats_parquet,False,,,,,,,,,,,,,,,,,,,,,,,,,,,,,,,,,,,,,,,,,,,,,,,,,,
Shamyl Hussain,Quetta Gladiators,Right-hand bat,Right-arm fast,Bowler,Pakistan,False,True,2026.0,2,80.0,5.0,9.2,1,0.0,0.0,0.0,0.0,0.0,0.0,0.0,56.6,62.5,-5.9,34.0,player_stats_parquet,True,,,,,,,,,,,,,,,,,,,,,,,,,,,,,,,,,,,,,,,,,,,,,,,,,,
Faisal Akram,Multan Sultans,Right-hand bat,Right-arm medium,All-rounder,Pakistan,False,True,2026.0,3,120.0,16.0,8.8,1,0.0,0.0,0.0,0.0,0.0,0.0,0.0,200.0,117.0,83.0,29.2,player_stats_parquet,False,,,,,,,,,,,,,,,,,,,,,,,,,,,,,,,,,,,,,,,,,,,,,,,,,,
Arafat Minhas,Multan Sultans,Right-hand bat,Right-arm fast,Bowler,Pakistan,False,True,2026.0,2,80.0,5.0,9.4,1,0.0,0.0,0.0,0.0,0.0,0.0,0.0,111.9,84.62,27.28,50.9,pre_existing,True,,,,,,,,,,,,,,,,,,,,,,,,,,,,,,,,,,,,,,,,,,,,,,,,,,
Wasim Akram Jnr,Quetta Gladiators,Right-hand bat,Left-arm fast-medium,Bowler,Pakistan,False,True,2026.0,3,85.0,6.0,9.0,1,0.0,0.0,0.0,0.0,0.0,0.0,0.0,60.1,66.4,-6.3,30.0,player_stats_parquet,False,,,,,,,,,,,,,,,,,,,,,,,,,,,,,,,,,,,,,,,,,,,,,,,,,,
Khan Zaib,Quetta Gladiators,Left-hand bat,Left-arm orthodox,All-rounder,Pakistan,False,True,2026.0,2,118.0,16.0,8.0,1,0.0,0.0,0.0,0.0,0.0,0.0,0.0,125.5,115.0,10.5,36.0,player_stats_parquet,True,,,,,,,,,,,,,,,,,,,,,,,,,,,,,,,,,,,,,,,,,,,,,,,,,,
Khawaja Mohammad Nafay,Quetta Gladiators,Right-hand bat,Right-arm medium,Batsman,Pakistan,False,True,2026.0,1,118.0,16.0,0.0,1,0.0,0.0,0.0,0.0,0.0,0.0,0.0,122.4,116.1,6.3,30.0,player_stats_parquet,True,,,,,,,,,,,,,,,,,,,,,,,,,,,,,,,,,,,,,,,,,,,,,,,,,,
Brett Hampton,Quetta Gladiators,Right-hand bat,Right-arm fast-medium,All-rounder,New Zealand,True,True,2026.0,1,137.03,18.78,9.00,1,0.0,0.0,0.0,0.0,9.0,132.0,8.0,145.8,133.6,12.2,33.0,player_stats_parquet,False,,,,,,,,,,,1.0,,,,,,,,,,,,4.0,middle,,,,,,,,,,,,,,,,,,,,,,,,,72,1221
Bevon Jacobs,Quetta Gladiators,Right-hand bat,Right-arm medium,All-rounder,New Zealand,True,True,2026.0,1,147.17,36.11,0.0,2,0.0,0.0,0.0,0.0,0.0,126.31,9.0,156.6,143.4,13.2,33.0,role_avg_estimate,,,,63.63,,,,,,,,1.0,,,,,,,,,,,,4.0,none,,,,,,,2.0,156.52,36.0,11.0,132.57,29.3,10.0,165.3,67.5,5.0,107.69,11.2,5.0,152.7,37.66,,,,33,939
Shan Masood,Multan Sultans,Left-hand bat,Right-arm off-break,Batsman,Pakistan,False,True,2026.0,8,118.0,28.0,0.0,1,0.0,0.0,0.0,0.0,0.0,0.0,0.0,117.8,125.3,-7.5,,,False,,,,,,,,,,,,,,,,,,,,,,,,,,,,,,,,,,,,,,,,,,,,,,,,,,
Marnus Labuschagne,Hyderabad Kingsmen,Right-hand bat,Right-arm leg-break,All-rounder,Australia,True,True,2026.0,1,126.64,26.54,7.45,1,,,,,,,,134.7,123.4,11.3,35.0,player_stats_parquet,False,,,,,,,,,,,1.0,118.18,26.0,,,,,,,,,,3.0,,1.0,112.0,28.0,,,,32.0,130.25,32.77,10.0,120.0,22.0,3.0,131.66,26.33,6.0,111.11,12.0,4.0,96.29,6.5,,,,,
Saim Ayub,Hyderabad Kingsmen,Left-hand bat,Right-arm off-break,Batsman,Pakistan,False,True,2026.0,4,148.0,28.0,0.0,1,0.0,0.0,0.0,0.0,0.0,0.0,0.0,142.9,134.7,8.2,33.1,pre_existing,False,,,,,,,,,,,,,,,,,,,,,,,,,,,,,,,,,,,,,,,,,,,,,,,,,,
Sharjeel Khan,Hyderabad Kingsmen,Left-hand bat,Right-arm off-break,Batsman,Pakistan,False,True,2026.0,8,154.0,26.0,0.0,1,0.0,0.0,0.0,0.0,0.0,0.0,0.0,105.3,148.5,-43.2,,,False,,,,,,,,,,,,,,,,,,,,,,,,,,,,,,,,,,,,,,,,,,,,,,,,,,
Akif Javed,Hyderabad Kingsmen,Right-hand bat,Right-arm fast-medium,Bowler,Pakistan,False,True,2026.0,5,88.0,6.0,8.8,1,0.0,0.0,0.0,0.0,0.0,0.0,0.0,0.0,77.78,-77.78,36.6,psl_ballbyball,False,,,,,,,,,,,,,,,,,,,,,,,,,,,,,,,,,,,,,,,,,,,,,,,,,,
Kusal Perera,Hyderabad Kingsmen,Left-hand bat,Right-arm medium,WK-Batsman,Sri Lanka,True,True,2026.0,2,136.53,26.06,,1,,,,,,,,141.6,134.3,7.3,,,False,123.35,,145.72,,,,135.17,,127.27,,5.0,166.01,42.75,,1.0,0.0,0.0,,31.0,142.28,28.96,,1.0,,56.0,139.07,28.47,51.0,140.82,25.58,54.0,138.05,28.65,35.0,129.22,25.38,7.0,98.0,7.0,3.0,92.59,8.33,3.0,110.0,11.0,1.0,100.0,,,
Usman Khan,Hyderabad Kingsmen,Right-hand bat,Right-arm fast,Bowler,Pakistan,False,True,2026.0,3,85.0,5.0,9.2,1,0.0,0.0,0.0,0.0,0.0,0.0,0.0,124.0,114.0,10.0,40.0,pre_existing,False,,,,,,,,,,,,,,,,,,,,,,,,,,,,,,,,,,,,,,,,,,,,,,,,,,
Mohammad Ali,Hyderabad Kingsmen,Right-hand bat,Right-arm fast-medium,Bowler,Pakistan,False,True,2026.0,4,85.0,6.0,8.8,1,0.0,0.0,0.0,0.0,0.0,0.0,0.0,0.0,47.06,-47.06,46.5,pre_existing,False,,,,,,,,,,,,,,,,,,,,,,,,,,,,,,,,,,,,,,,,,,,,,,,,,,
Muhammad Irfan Khan,Hyderabad Kingsmen,Left-hand bat,none,Batsman,Pakistan,False,True,2026.0,3,138.0,22.0,0.0,1,0.0,0.0,0.0,0.0,0.0,0.0,0.0,143.1,135.8,7.3,,,False,,,,,,,,,,,,,,,,,,,,,,,,,,,,,,,,,,,,,,,,,,,,,,,,,,
Hassan Khan,Hyderabad Kingsmen,Right-hand bat,Right-arm leg-break,Bowler,Pakistan,True,True,2026.0,2,82.0,6.0,8.0,1,,,,,,,,145.7,80.8,64.9,34.5,psl_ballbyball,False,,,,,,,,,,,,,,,,,,,,,,,9.0,middle,,,,,,,,,,,,,,,,,,,,,,,,,,
Shayan Jahangir,Hyderabad Kingsmen,Right-hand bat,none,Batsman,USA,True,True,2026.0,2,131.42,26.63,,1,,,,,,,,133.0,136.1,-3.1,,,False,144.11,,0.0,,,,90.0,,,,,,,,,,,,,,,,2.0,,11.0,135.05,21.36,17.0,120.34,28.0,4.0,148.75,29.75,1.0,37.5,3.0,3.0,167.14,39.0,7.0,127.16,25.75,1.0,187.5,,,,,,
Hammad Azam,Hyderabad Kingsmen,Right-hand bat,Right-arm off-break,All-rounder,Pakistan,False,True,2026.0,6,130.0,20.0,8.4,1,0.0,0.0,0.0,0.0,0.0,0.0,0.0,95.31,103.1,-7.79,20.9,player_stats_parquet,False,,,,,,,,,,,,,,,,,,,,,,,,,,,,,,,,,,,,,,,,,,,,,,,,,,
Riley Meredith,Hyderabad Kingsmen,Right-hand bat,Right-arm fast,Bowler,Australia,True,True,2026.0,1,92.0,5.9,8.52,1,18.0,,,9.46,,,,65.0,71.8,-6.8,33.0,player_stats_parquet,False,,,,,,,,,,,5.0,18.0,27.16,9.05,,,,,,,,,11.0,powerplay_death,,,,,,,,,,,,,,,,,,,,,,,,,,
Asif Mehmood,Hyderabad Kingsmen,Right-hand bat,Right-arm fast,Bowler,Pakistan,False,True,2026.0,2,80.0,5.0,9.2,1,0.0,0.0,0.0,0.0,0.0,0.0,0.0,56.6,62.5,-5.9,33.0,player_stats_parquet,True,,,,,,,,,,,,,,,,,,,,,,,,,,,,,,,,,,,,,,,,,,,,,,,,,,
Hunain Shah,Hyderabad Kingsmen,Right-hand bat,Right-arm fast,Bowler,Pakistan,False,True,2026.0,1,80.0,5.0,9.0,1,0.0,0.0,0.0,0.0,0.0,0.0,0.0,25.0,116.67,-91.67,37.2,psl_ballbyball,True,,,,,,,,,,,,,,,,,,,,,,,,,,,,,,,,,,,,,,,,,,,,,,,,,,
Rizwan Mehmood,Hyderabad Kingsmen,Right-hand bat,Right-arm off-break,All-rounder,Pakistan,False,True,2026.0,2,115.0,16.0,8.4,1,0.0,0.0,0.0,0.0,0.0,0.0,0.0,122.3,112.1,10.2,36.0,player_stats_parquet,True,,,,,,,,,,,,,,,,,,,,,,,,,,,,,,,,,,,,,,,,,,,,,,,,,,
Maaz Sadaqat,Hyderabad Kingsmen,Right-hand bat,none,Batsman,Pakistan,False,True,2026.0,1,120.0,18.0,0.0,1,0.0,0.0,0.0,0.0,0.0,0.0,0.0,124.4,118.1,6.3,55.6,player_stats_parquet,True,,,,,,,,,,,,,,,,,,,,,,,,,,,,,,,,,,,,,,,,,,,,,,,,,,
Saad Ali,Hyderabad Kingsmen,Right-hand bat,Right-arm medium,All-rounder,Pakistan,False,True,2026.0,1,115.0,14.0,8.8,1,0.0,0.0,0.0,0.0,0.0,0.0,0.0,88.89,112.1,-23.2,33.0,role_avg_estimate,True,,,,,,,,,,,,,,,,,,,,,,,,,,,,,,,,,,,,,,,,,,,,,,,,,,
Tayyab Arif,Hyderabad Kingsmen,Right-hand bat,none,WK-Batsman,Pakistan,False,True,2026.0,1,118.0,16.0,0.0,1,0.0,0.0,0.0,0.0,0.0,0.0,0.0,122.4,116.1,6.3,,,True,,,,,,,,,,,,,,,,,,,,,,,,,,,,,,,,,,,,,,,,,,,,,,,,,,
Steve Smith,Multan Sultans,Right-hand bat,Right-arm leg-break,Batsman,Australia,True,True,2026.0,1,131.39,32.67,0.0,1,162.0,130.7,35.7,0.0,0.0,0.0,0.0,136.2,129.3,6.9,35.0,player_stats_parquet,False,137.0,9.15,122.45,8.5,117.93,7.39,132.25,7.25,100.0,,0.0,,,,2.0,72.72,8.0,4.0,0.0,,,,3.0,middle,8.0,125.69,22.62,33.0,160.06,54.73,71.0,131.77,34.19,54.0,119.31,30.27,36.0,117.24,25.25,25.0,127.03,30.25,9.0,103.06,14.42,6.0,128.95,9.8,243.0,6273.0
Ashton Turner,Multan Sultans,Right-hand bat,Right-arm off-break,All-rounder,Australia,True,True,2026.0,1,142.67,25.59,7.53,1,6.0,30.0,1.0,0.0,6.3,83.96,19.0,151.7,138.9,12.8,30.0,player_stats_parquet,,136.36,,0.0,,132.43,7.0,52.5,5.71,,,3.0,136.36,5.0,,0.0,,,,0.0,,,,6.0,middle,,,,,,,9.0,155.76,40.5,39.0,139.53,24.2,110.0,147.21,26.72,52.0,139.86,23.94,12.0,88.17,11.71,1.0,100.0,6.0,224.0,4146.0
Sahibzada Farhan,Multan Sultans,Right-hand bat,Right-arm off-break,Batsman,Pakistan,False,True,2026.0,5,148.0,28.0,0.0,1,0.0,0.0,0.0,0.0,0.0,0.0,0.0,137.8,132.3,5.5,,,False,,,,,,,,,,,,,,,,,,,,,,,,,,,,,,,,,,,,,,,,,,,,,,,,,,
Mohammad Nawaz,Multan Sultans,Left-hand bat,Left-arm orthodox,All-rounder,Pakistan,False,True,2026.0,7,132.0,22.0,7.4,1,0.0,0.0,0.0,0.0,0.0,0.0,0.0,131.0,146.8,-15.8,29.0,pre_existing,False,,,,,,,,,,,,,,,,,,,,,,,,,,,,,,,,,,,,,,,,,,,,,,,,,,
Tabraiz Shamsi,Multan Sultans,Right-hand bat,Left-arm wrist-spin,Bowler,South Africa,True,True,2026.0,1,53.63,5.36,7.44,1,5.0,0.0,0.0,9.05,7.39,0.0,70.0,37.9,41.9,-4.0,30.2,pre_existing,False,20.0,7.02,71.42,8.48,0.0,5.61,,5.12,,3.27,8.0,,,,,,,,13.0,,0.0,8.29,11.0,middle_death,,,,,,,,,,,,,,,,,,,,,,69.0,53.63,5.36,69,118
Peter Siddle,Multan Sultans,Right-hand bat,Right-arm fast-medium,Bowler,Australia,True,True,2026.0,1,89.92,6.82,7.73,1,0.0,0.0,0.0,0.0,7.25,100.0,2.0,63.6,70.2,-6.6,37.0,player_stats_parquet,False,,,50.0,6.05,,,,,,,1.0,,,,,,,,,,,,10.0,powerplay_death,,,,,,,,,,,,,,,,,,,4.0,89.92,6.82,40.0,89.92,6.82,44,116
Josh Phillippe,Multan Sultans,Right-hand bat,Right-arm off-break,WK-Batsman,Australia,True,True,2026.0,1,133.8,25.44,0.0,1,5.0,101.29,19.5,0.0,0.0,108.13,17.0,138.4,131.3,7.1,,,False,104.0,,104.76,,,,100.0,,,,2.0,104.0,13.0,,,,,,,,,,1.0,none,76.0,135.36,28.19,20.0,131.22,20.78,25.0,128.86,22.68,2.0,87.5,7.0,1.0,100.0,10.0,11.0,143.8,25.16,1.0,120.0,12.0,,,,137,3206
Salman Mirza,Islamabad United,Right-hand bat,Right-arm fast-medium,Bowler,Pakistan,False,True,2026.0,3,82.0,6.0,9.0,1,0.0,0.0,0.0,0.0,0.0,0.0,0.0,58.0,64.0,-6.0,45.8,pre_existing,False,,,,,,,,,,,,,,,,,,,,,,,,,,,,,,,,,,,,,,,,,,,,,,,,,,
Saad Masood,Rawalpindiz,Right-hand bat,Right-arm fast,Bowler,Pakistan,False,True,2026.0,2,80.0,5.0,9.2,1,0.0,0.0,0.0,0.0,0.0,0.0,0.0,25.0,200.0,-175.0,35.6,player_stats_parquet,True,,,,,,,,,,,,,,,,,,,,,,,,,,,,,,,,,,,,,,,,,,,,,,,,,,
Momin Qamar,Multan Sultans,Left-hand bat,Left-arm wrist-spin,Bowler,Pakistan,False,True,2026.0,1,85.0,6.0,7.8,1,0.0,0.0,0.0,0.0,0.0,0.0,0.0,60.1,66.4,-6.3,34.7,role_avg_estimate,True,,,,,,,,,,,,,,,,,,,,,,,,,,,,,,,,,,,,,,,,,,,,,,,,,,
Jahanzaib Sultan,Quetta Gladiators,Left-hand bat,Left-arm orthodox,All-rounder,Pakistan,False,True,2026.0,1,118.0,16.0,8.2,1,0.0,0.0,0.0,0.0,0.0,0.0,0.0,119.05,115.0,4.0,33.0,role_avg_estimate,True,,,,,,,,,,,,,,,,,,,,,,,,,,,,,,,,,,,,,,,,,,,,,,,,,,
Ahmed Daniyal,Quetta Gladiators,Right-hand bat,Right-arm fast-medium,Bowler,Pakistan,False,True,2026.0,4,85.0,6.0,9.0,1,0.0,0.0,0.0,0.0,0.0,0.0,0.0,60.1,66.4,-6.3,35.0,psl_ballbyball,False,,,,,,,,,,,,,,,,,,,,,,,,,,,,,,,,,,,,,,,,,,,,,,,,,,
Delano Potgieter,Multan Sultans,Left-hand bat,Right-arm medium,All-rounder,South Africa,True,True,2026.0,1,130.03,30.20,7.99,1,0.0,0.0,0.0,0.0,0.0,0.0,0.0,138.3,126.7,11.6,33.0,role_avg_estimate,False,,,,,,,,,,,1.0,,,,,,,,,,,,5.0,middle_death,,,,,,,,,,,,,,,,,,,,,,,,,71,1329
Lachlan Shaw,Multan Sultans,Right-hand bat,Right-arm fast,Bowler,Australia,True,True,2026.0,1,144.11,24.5,8.3,2,0.0,0.0,0.0,0.0,0.0,0.0,0.0,102.4,113.1,-10.7,32.0,player_stats_parquet,False,,,,,,,,,,,1.0,,,,,,,,,,,,3.0,powerplay,,,,,,,,,,,,,,,,,,,,,,,,,11,196
Muhammad Awais Zafar,Multan Sultans,Right-hand bat,Right-arm off-break,Batsman,Pakistan,False,True,2026.0,1,122.0,18.0,0.0,1,0.0,0.0,0.0,0.0,0.0,0.0,0.0,126.5,120.0,6.5,31.0,player_stats_parquet,True,,,,,,,,,,,,,,,,,,,,,,,,,,,,,,,,,,,,,,,,,,,,,,,,,,
Arshad Iqbal,Multan Sultans,Right-hand bat,Right-arm fast,Bowler,Pakistan,False,True,2026.0,5,90.0,8.0,9.2,1,0.0,0.0,0.0,0.0,0.0,0.0,0.0,60.0,33.33,26.67,42.6,pre_existing,False,,,,,,,,,,,,,,,,,,,,,,,,,,,,,,,,,,,,,,,,,,,,,,,,,,
Dunith Wellalage,Lahore Qalandars,Left-hand bat,Slow left-arm orthodox,All-rounder,Sri Lanka,True,True,2026.0,1,106.35,18.02,7.1,1,,,,,,,,113.1,103.7,9.4,38.0,player_stats_parquet,False,,12.33,,,,,,9.0,,12.25,,,,,5.0,200.0,14.0,6.89,28.0,112.35,22.38,6.75,7.0,middle,,,,,,,,,,3.0,79.24,14.0,10.0,96.27,22.62,11.0,107.59,17.0,13.0,114.55,20.11,17.0,124.04,14.33,,
Rubin Hermann,Lahore Qalandars,Left-hand bat,Left-arm fast-medium,Batsman,South Africa,True,True,2026.0,1,127.21,30.65,8.1,1,,,,,,,,131.9,125.2,6.7,33.0,player_stats_parquet,False,,,,,,,,,,,,,,,,,,,,,,,3.0,,9.0,145.93,44.87,6.0,134.65,22.66,21.0,116.99,26.85,16.0,127.61,31.35,2.0,52.94,4.5,1.0,140.0,,4.0,129.5,19.75,,,,,
Maaz Khan,Lahore Qalandars,Right-hand bat,Right-arm off-break,Bowler,Pakistan,False,True,,0,80.0,6.0,10.86,1,,,,,,,,134.8,127.9,6.9,28.6,player_stats_parquet,True,,,,,,,,,,,,,,,,,,,,,,,,,,,,,,,,,,,,,,,,,,,,,,,,,,
Shahab Khan,Lahore Qalandars,Right-hand bat,Right-arm fast-medium,Bowler,Pakistan,False,True,,0,108.0,9.3,7.9,1,,,,,,,,76.3,84.3,-8.0,35.4,psl_ballbyball,True,,,,,,,,,,,,,,,,,,,,,,,,,,,,,,,,,,,,,,,,,,,,,,,,,,
Alzarri Joseph,Quetta Gladiators,Right-hand bat,Right-arm fast,Bowler,West Indies,True,True,2026.0,1,107.03,13.16,8.78,1,22.0,0.0,0.0,9.55,9.24,0.0,45.0,75.5,83.4,-7.9,32.0,player_stats_parquet,,147.61,8.84,72.41,8.9,163.63,9.09,57.14,9.42,,10.0,9.0,147.82,11.33,,2.0,57.14,4.0,,,,,,9.0,death,,,,,,,,,,,,,,,,2.0,145.0,29.0,2.0,57.14,4.0,73.0,106.1,12.97,77,487
Saqib Khan,Quetta Gladiators,Right-hand bat,Right-arm fast-medium,Bowler,Pakistan,False,True,,0,100.0,8.6,8.1,1,,,,,,,,70.7,78.1,-7.4,33.0,player_stats_parquet,True,,,,,,,,,,,,,,,,,,,,,,,,,,,,,,,,,,,,,,,,,,,,,,,,,,
Shehzad Gul,Multan Sultans,Right-hand bat,Right-arm fast-medium,Bowler,Pakistan,False,True,,0,90.0,6.0,8.0,1,,,,,,,,63.6,70.3,-6.7,34.0,player_stats_parquet,True,,,,,,,,,,,,,,,,,,,,,,,,,,,,,,,,,,,,,,,,,,,,,,,,,,
Imran Randhawa,Multan Sultans,Left-hand bat,Slow left-arm orthodox,Bowler,Pakistan,False,True,,0,108.0,11.0,7.7,1,,,,,,,,76.3,84.3,-8.0,36.0,player_stats_parquet,True,,,,,,,,,,,,,,,,,,,,,,,,,,,,,,,,,,,,,,,,,,,,,,,,,,
Muhammad Shahzad,Multan Sultans,Right-hand bat,Right-arm medium,Batsman,Pakistan,False,True,,0,133.33,8.0,12.29,1,,,,,,,,0.0,150.0,-150.0,42.9,player_stats_parquet,True,,,,,,,,,,,,,,,,,,,,,,,,,,,,,,,,,,,,,,,,,,,,,,,,,,
Muhammad Ismail,Multan Sultans,Right-hand bat,Right-arm fast,Bowler,Pakistan,False,True,,0,98.0,7.5,8.4,1,,,,,,,,69.3,76.5,-7.2,31.0,player_stats_parquet,True,,,,,,,,,,,,,,,,,,,,,,,,,,,,,,,,,,,,,,,,,,,,,,,,,,
Atizaz Habib Khan,Multan Sultans,Right-hand bat,Right-arm fast-medium,Bowler,Pakistan,False,True,,0,90.0,5.0,8.6,1,,,,,,,,63.6,70.3,-6.7,29.0,player_stats_parquet,True,,,,,,,,,,,,,,,,,,,,,,,,,,,,,,,,,,,,,,,,,,,,,,,,,,
Jalat Khan,Rawalpindiz,Right-hand bat,Right-arm fast-medium,Bowler,Pakistan,False,True,,0,90.0,6.0,8.0,1,,,,,,,,63.6,70.3,-6.7,33.0,player_stats_parquet,True,,,,,,,,,,,,,,,,,,,,,,,,,,,,,,,,,,,,,,,,,,,,,,,,,,
Shoriful Islam,Peshawar Zalmi,Left-hand bat,Left-arm fast-medium,Bowler,Bangladesh,True,True,2026.0,1,98.63,5.4,8.23,1,,,,,,,,69.7,77.0,-7.3,36.0,player_stats_parquet,False,118.18,7.54,0.0,12.33,200.0,8.93,,,172.72,7.35,1.0,,,7.75,60.0,95.45,5.83,8.31,6.0,50.0,1.0,11.28,10.0,powerplay_middle,,,,,,,,,,,,,,,,,,,,,,65.0,98.63,5.4,,
Shahnawaz Dahani,Peshawar Zalmi,Right-hand bat,Right-arm fast,Bowler,Pakistan,False,True,,0,117.02,9.16,8.7,1,,,,,,,,83.4,92.1,-8.7,38.6,psl_ballbyball,True,,,,,,,,,,,,,,,,,,,,,,,,,,,,,,,,,,,,,,,,,,,,,,,,,14,55
Farhan Yousuf,Peshawar Zalmi,Right-hand bat,Right-arm medium-fast,Batsman,Pakistan,False,True,,0,118.0,13.6,,1,,,,,,,,122.4,116.1,6.3,,,True,,,,,,,,,,,,,,,,,,,,,,,,,,,,,,,,,,,,,,,,,,,,,,,,,,
Glenn Maxwell,Hyderabad Kingsmen,Right-hand bat,Right-arm off-break,All-rounder,Overseas,True,True,,0,154.16,27.53,7.86,1,141.0,155.14,23.88,8.29,,,,164.0,150.2,13.8,34.0,player_stats_parquet,False,144.92,7.2,151.18,9.54,174.39,7.76,187.5,8.0,154.79,6.0,,,,,,,,,,,,,4.0,middle_death,,,,,,,82.0,158.62,,210.0,151.92,28.25,103.0,147.27,,41.0,165.27,,,,,,,,,
Ahmed Hussain,Hyderabad Kingsmen,Right-hand bat,Right-arm leg-break,Batsman,Pakistan,False,True,,0,97.0,7.0,8.3,1,,,,,,,,100.6,95.4,5.2,31.0,player_stats_parquet,True,,,,,,,,,,,,,,,,,,,,,,,,,,,,,,,,,,,,,,,,,,,,,,,,,,
Nisar Ahmed,Islamabad United,Right-hand bat,Right-arm medium,Bowler,Pakistan,False,True,,0,112.0,11.7,8.1,1,,,,,,,,79.2,87.4,-8.2,33.0,player_stats_parquet,True,,,,,,,,,,,,,,,,,,,,,,,,,,,,,,,,,,,,,,,,,,,,,,,,,,
Mohammad Faiq,Islamabad United,Right-hand bat,Right-arm off-break,Batsman,Pakistan,False,True,,0,100.0,8.0,8.5,1,,,,,,,,103.7,98.4,5.3,30.0,player_stats_parquet,True,,,,,,,,,,,,,,,,,,,,,,,,,,,,,,,,,,,,,,,,,,,,,,,,,,
Jake Fraser-McGurk,Rawalpindiz,Right-hand bat,Right-arm off-break,Batsman,Australia,True,True,2026.0,1,149.11,19.91,,1,9.0,234.05,36.67,,,,,138.6,131.5,7.1,,,False,,,,,,,,,,,,,,,,,,,,,,,1.0,,,,,,,,,,,,,,,,,,,,,,,,,,96,1852
